4.997184,0.005709,-0.016920,0.000000,0.000000
5.001996,0.019195,0.008955,3.312500,0.000000
5.004146,-0.004870,-0.001684,1.205500,0.000000
5.003706,0.010157,-0.005174,1.714286,0.000000
4.994434,0.007783,-0.018971,5.500000,0.000000
5.005230,-0.015516,0.000182,12.333333,0.000000
4.993179,-0.005988,0.006641,12.000000,0.000000
5.010295,-0.017837,0.013277,2.955985,0.000000
5.001785,-0.011178,0.012323,2.000000,0.000000
5.006307,-0.006724,0.016495,2.058824,0.000000
5.004026,0.010476,0.001291,3.922601,0.000000
4.985460,0.008023,0.008375,3.148789,0.000000
4.987496,0.014171,-0.026494,6.855204,0.000000
5.000764,-0.010381,0.003275,1.178571,0.000000
4.994106,-0.014597,-0.004499,8.906486,0.000000
5.001299,-0.003362,-0.002078,1.250221,0.000000
5.029055,-0.005915,0.001645,20.000000,0.000000
4.992637,0.007847,-0.001411,2.580645,0.000000
5.001071,-0.002552,-0.011170,1.285714,0.000000
4.996233,0.001269,-0.008127,1.117647,0.000000
4.987513,-0.025847,0.013861,39.000000,0.000000
5.005823,-0.013242,-0.005313,4.250000,0.000000
5.015561,0.006412,0.018710,7.357143,0.000000
4.997058,0.019857,0.003317,1.771340,0.000000
4.994215,0.014945,0.007359,4.887468,0.000000
5.009460,-0.001396,0.011377,4.497059,0.000000
4.995145,-0.003519,-0.021172,2.622291,0.000000
4.998092,0.015489,-0.003150,2.575901,0.000000
4.997037,-0.005087,0.000195,2.896552,0.000000
4.996973,0.002844,-0.005035,1.672269,0.000000
5.011275,0.004764,0.018898,16.131653,0.000000
5.004907,-0.012780,-0.000696,6.000000,0.000000
5.012303,0.005474,0.008316,4.415966,0.000000
5.002035,0.004956,-0.013538,6.764706,0.000000
4.988474,-0.010696,-0.002030,4.803922,0.000000
4.993020,0.022528,-0.011188,39.666667,0.000000
5.000718,-0.004879,-0.012037,6.582633,0.000000
4.998677,0.005950,0.000346,2.664137,0.000000
4.992871,0.009906,0.002188,2.076923,0.000000
4.993296,0.006440,-0.002061,2.745098,0.000000
5.008540,-0.002279,-0.005895,1.378406,0.000000
5.013370,-0.013860,0.001686,4.285948,0.000000
5.013216,0.006829,-0.004884,2.000000,0.000000
4.982985,0.008163,0.006935,3.442907,0.000000
5.002532,0.010749,-0.001439,1.967320,0.000000
4.990915,-0.009531,0.006060,2.200000,0.000000
4.987915,-0.000677,-0.012360,3.148789,0.000000
5.019002,0.005676,-0.000040,32.500000,0.000000
5.000112,0.006932,0.002189,2.000000,0.000000
4.967091,-0.000739,0.007596,5.625000,0.000000
4.996749,0.001925,-0.001813,2.750000,0.000000
4.985247,-0.003356,0.000223,1.971867,0.000000
5.014366,-0.003837,0.003084,2.274510,0.000000
4.999531,0.022736,0.007146,5.000000,0.000000
5.006967,0.007762,0.001684,3.921569,0.000000
5.006320,0.013198,-0.005940,2.000000,0.000000
4.993169,-0.003479,0.011141,1.611765,0.000000
4.998567,-0.009213,0.020666,9.315508,0.000000
4.995944,0.005504,0.005183,1.886878,0.000000
5.001600,-0.034127,-0.002925,111.000000,0.000000
4.971564,0.005293,0.005080,3.373366,0.000000
5.016251,0.017355,-0.000473,5.867647,0.000000
4.997365,0.003694,-0.004385,2.000000,0.000000
4.980479,-0.004717,-0.014969,6.285714,0.000000
4.992361,-0.005334,0.013642,0.000000,0.000000
4.992507,0.000685,-0.012924,9.210526,0.000000
5.000165,0.011792,-0.016196,9.500000,0.000000
4.999373,-0.009336,0.024795,8.989037,0.000000
5.001188,-0.000086,-0.022006,7.794118,0.000000
5.010342,-0.003681,-0.011480,1.745098,0.000000
5.006156,-0.004325,-0.004618,1.508021,0.000000
4.972288,-0.005243,-0.008847,2.941176,0.000000
5.001416,0.001457,-0.009200,0.000000,0.000000
5.000450,0.015191,0.003652,2.058824,0.000000
4.996484,0.004476,-0.004716,2.671569,0.000000
4.996354,-0.004947,0.004111,1.085410,0.000000
5.012569,-0.006470,-0.007782,0.000000,0.000000
5.006192,-0.000891,-0.008142,4.779412,0.000000
4.998097,-0.009871,-0.018879,22.666667,0.000000
4.999625,0.007048,-0.001827,4.000000,0.000000
5.008898,0.013034,0.008371,6.411765,0.000000
4.990481,0.005655,0.001517,3.384874,0.000000
4.982137,-0.000592,-0.014464,2.235294,0.000000
4.998790,-0.000320,0.001980,0.000000,0.000000
5.039445,-0.005201,-0.002761,49.582353,0.000000
4.993432,0.010272,-0.001890,3.352941,0.000000
4.984804,0.000057,0.007798,2.066176,0.000000
4.998070,0.002715,-0.017812,0.000000,0.000000
4.994454,-0.012534,0.013549,5.176471,0.000000
5.008526,-0.012074,0.007585,1.924370,0.000000
4.993757,-0.010710,0.020851,2.658824,0.000000
5.007263,-0.001553,-0.005530,2.333333,0.000000
4.999126,0.004910,0.022897,9.433155,0.000000
5.001865,-0.008931,-0.011044,2.117647,0.000000
5.000993,0.008830,-0.009215,4.250000,0.000000
5.004826,0.009038,-0.004903,1.647059,0.000000
4.992314,0.005956,-0.006979,1.811765,0.000000
5.004882,0.009568,-0.000202,2.176471,0.000000
4.997505,-0.001979,0.012301,2.457843,0.000000
5.006306,0.004445,-0.015919,0.000000,0.000000
4.995302,-0.008083,0.008621,3.194296,0.000000
4.987052,-0.013085,-0.012312,5.529412,0.000000
5.014307,0.021040,0.000108,5.470588,0.000000
4.998109,-0.015096,-0.010744,3.808824,0.000000
5.004281,-0.013033,-0.012199,4.666667,0.000000
4.995185,-0.003272,0.020247,17.042017,0.000000
4.997089,0.002849,-0.017154,4.882353,0.000000
4.991882,-0.001152,0.018391,17.282353,0.000000
4.983995,0.000689,0.004451,1.848982,0.000000
4.990310,-0.003501,-0.003035,2.383754,0.000000
5.001279,-0.015157,0.009315,2.029412,0.000000
5.002742,-0.014763,-0.000060,3.000000,0.000000
4.988878,-0.004613,-0.020111,0.000000,0.000000
4.969857,0.012356,-0.005079,10.678201,0.000000
4.988489,0.004999,0.018878,18.000000,0.000000
5.002174,-0.004328,-0.011783,3.205182,0.000000
5.003176,0.015124,-0.004322,3.317647,0.000000
4.997840,0.016079,0.021126,30.666667,0.000000
5.001212,-0.014962,-0.005773,8.259427,0.000000
5.007755,0.015990,0.004748,4.529412,0.000000
5.005642,-0.008908,-0.013308,3.132353,0.000000
4.978177,0.000251,0.002901,4.538462,0.000000
5.003683,-0.012114,0.008744,4.450000,0.000000
4.992038,-0.015014,-0.002354,4.250000,0.000000
5.000736,0.011646,-0.000064,2.605313,0.000000
5.006215,0.007667,-0.032748,115.147059,0.000000
5.009745,0.015059,0.004509,0.000000,0.000000
5.025481,-0.002658,-0.006816,9.296919,0.000000
5.002103,-0.003848,0.006206,2.410948,0.000000
5.017308,0.008122,0.000536,32.500000,0.000000
5.009583,0.008173,0.001908,6.274510,0.000000
5.020583,0.006613,0.000601,6.000000,0.000000
4.995175,0.004233,0.005784,10.000000,0.000000
5.008489,-0.018924,0.009036,8.096257,0.000000
4.996653,-0.009350,0.007228,2.364706,0.000000
5.001765,-0.019668,0.002621,30.750000,0.000000
4.994895,0.005020,0.008486,3.117647,0.000000
4.994598,-0.013184,0.007201,9.475113,0.000000
5.013328,-0.000184,-0.002470,3.279670,0.000000
4.989989,0.000411,-0.007956,4.500000,0.000000
5.011525,0.007654,-0.003252,0.000000,0.000000
4.997664,-0.003103,-0.006032,3.205182,0.000000
4.998193,-0.006486,0.017706,10.156863,0.000000
4.994440,0.016588,-0.001627,7.000000,0.000000
4.992442,-0.000641,0.006823,0.000000,0.000000
4.993574,-0.006970,0.019138,10.000000,0.000000
4.993793,-0.014320,-0.005567,1.064516,0.000000
5.022845,0.015587,-0.000040,41.739216,0.000000
5.000794,0.006017,0.020320,28.576471,0.000000
4.995611,-0.004799,0.017516,2.500000,0.000000
4.987743,-0.017016,0.009767,5.000000,0.000000
4.987455,0.007051,0.010827,3.291667,0.000000
5.007315,0.022855,0.014219,18.000000,0.000000
4.981167,0.021518,-0.017853,36.843137,0.000000
5.013766,0.001749,-0.005279,2.029412,0.000000
4.995434,0.004614,0.016041,2.000000,0.000000
4.995325,0.001173,-0.017726,2.529412,0.000000
4.997264,0.002633,0.009558,1.577540,0.000000
4.998752,0.009850,-0.000368,1.500000,0.000000
4.990338,0.005047,-0.014313,3.406605,0.000000
4.990264,-0.010220,-0.011083,2.614973,0.000000
4.999772,-0.001347,0.008754,2.063939,0.000000
4.993353,0.013484,-0.007384,2.575901,0.000000
5.009635,-0.002465,-0.001179,1.298246,0.000000
5.005095,0.000555,0.010967,5.003795,0.000000
4.997927,0.003292,-0.000164,1.301023,0.000000
5.033658,-0.007524,0.002031,133.000000,1.000000
4.995548,0.008858,0.000125,3.275542,0.000000
4.997500,0.006747,-0.010893,1.500000,0.000000
5.013030,0.001674,0.007814,1.117647,0.000000
5.000456,0.002271,-0.002764,1.226891,0.000000
5.003541,-0.008056,-0.006388,2.000000,0.000000
4.997653,0.013038,0.004306,3.239819,0.000000
4.997027,-0.011879,0.010275,1.500000,0.000000
5.004849,0.021339,0.010147,22.641176,0.000000
4.994526,0.025700,-0.003119,10.705882,0.000000
5.008461,0.002496,0.003580,2.965944,0.000000
5.000376,-0.008078,-0.017902,2.408964,0.000000
5.007024,0.017793,0.005488,6.411765,0.000000
4.993350,-0.008720,-0.002476,1.686975,0.000000
4.992191,0.009066,-0.001277,2.149321,0.000000
4.999261,-0.002727,0.016328,36.006536,0.000000
5.002604,0.003751,0.019198,17.235294,0.000000
5.020512,-0.003840,0.000537,8.836134,0.000000
4.994355,-0.014734,0.009164,6.379412,0.000000
5.020814,-0.007199,-0.002165,7.105042,0.000000
4.983208,-0.007671,-0.013335,6.224790,0.000000
5.000447,0.005005,-0.005594,2.580645,0.000000
5.004507,-0.003320,0.013161,5.047059,0.000000
4.985650,-0.013123,-0.002842,1.822586,0.000000
4.992119,0.028305,-0.001875,26.529412,0.000000
5.012466,-0.013197,0.003463,4.523810,0.000000
4.993228,-0.010438,-0.004696,1.714286,0.000000
5.000721,-0.011426,0.004706,1.731092,0.000000
4.990621,0.003538,-0.015573,3.464052,0.000000
5.001335,-0.014754,-0.006929,2.897833,0.000000
5.010276,0.001866,0.005072,6.000000,0.000000
4.999608,-0.001919,-0.022884,5.441176,0.000000
4.993971,-0.013954,-0.020347,8.416290,0.000000
4.997764,0.010794,-0.004857,2.076923,0.000000
5.005060,0.001292,-0.003217,1.200000,0.000000
4.982352,-0.010273,0.008526,2.482353,0.000000
5.000968,-0.002244,-0.001666,0.000000,0.000000
4.993094,0.005179,-0.018658,3.843137,0.000000
5.005188,0.012472,-0.002396,5.800000,0.000000
5.020395,-0.004757,-0.003135,4.971989,0.000000
5.015802,-0.004313,-0.009611,7.000000,0.000000
5.006676,0.003287,-0.001207,2.000000,0.000000
5.005732,0.001270,0.025801,34.000000,0.000000
4.987644,0.001888,-0.003876,3.280299,0.000000
5.013560,0.017175,-0.000098,7.066785,0.000000
5.007685,-0.007510,-0.004318,4.266106,0.000000
5.004219,-0.012301,0.002722,2.565611,0.000000
4.998709,0.000350,-0.003464,2.500000,0.000000
4.988291,0.000784,0.009787,11.555882,0.000000
5.010515,0.002563,-0.023343,120.000000,0.000000
4.985006,-0.004603,-0.007129,2.442455,0.000000
5.004905,0.006982,-0.006925,2.029412,0.000000
4.984395,-0.002246,-0.014623,9.117647,0.000000
5.001721,-0.003566,0.006980,1.371658,0.000000
5.003401,-0.006316,-0.000018,2.470023,0.000000
5.016763,0.002291,-0.002088,7.105042,0.000000
4.991008,0.015405,-0.001259,2.029412,0.000000
5.000565,0.014471,0.011234,3.291667,0.000000
4.991010,-0.001397,-0.002723,1.400000,0.000000
5.002473,0.020509,-0.010114,10.666667,0.000000
5.001440,0.004304,0.008781,1.000000,0.000000
4.984009,0.010139,0.001286,3.291444,0.000000
5.014236,0.014883,0.011039,4.285714,0.000000
4.989667,-0.007548,-0.008217,1.400000,0.000000
4.998191,0.006454,-0.006175,2.000000,0.000000
4.991381,-0.020755,0.006395,21.573529,0.000000
4.998729,0.012053,-0.021140,5.500000,0.000000
5.001346,-0.012504,0.014572,4.967647,0.000000
4.979323,0.009270,-0.001643,3.388889,0.000000
4.995161,0.013853,0.012370,1.692308,0.000000
5.005999,-0.014172,-0.001818,1.289105,0.000000
4.997120,0.009076,0.005338,2.551014,0.000000
4.996607,0.009707,-0.000628,3.588235,0.000000
5.019149,-0.005975,-0.006433,3.004202,0.000000
4.992745,-0.005669,0.014749,5.800000,0.000000
4.994499,0.006330,-0.000684,1.907563,0.000000
4.996213,-0.009950,-0.018841,16.739938,0.000000
5.011324,-0.009634,-0.003488,7.030252,0.000000
5.007446,0.004556,0.008790,2.566760,0.000000
5.001337,-0.000125,-0.001183,2.470588,0.000000
4.999031,-0.004966,-0.011501,9.607843,0.000000
5.002497,-0.001103,0.005131,1.968627,0.000000
5.005078,0.013977,0.004234,1.500000,0.000000
4.997169,0.012240,0.001470,2.000000,0.000000
4.996087,0.003593,0.003747,3.000000,0.000000
4.985001,-0.008756,-0.003686,1.626471,0.000000
5.003025,0.008252,0.022095,12.497059,0.000000
5.001545,-0.002870,0.014627,2.394652,0.000000
4.995648,0.007608,0.005665,1.692308,0.000000
4.994158,-0.014311,0.003283,2.294118,0.000000
5.010729,0.009163,-0.011037,1.800000,0.000000
4.999818,0.010040,-0.003168,2.076923,0.000000
5.018232,0.001990,-0.018042,7.357143,0.000000
5.017099,-0.000199,-0.004405,5.500000,0.000000
5.007634,0.008354,-0.000970,1.500000,0.000000
5.008678,-0.010210,0.015825,5.000000,0.000000
5.001401,-0.008920,0.009036,1.216578,0.000000
4.993889,0.003115,-0.013147,4.666667,0.000000
4.977483,0.006030,0.006701,5.477941,0.000000
4.973783,-0.015938,-0.006170,0.000000,0.000000
4.997001,-0.001429,-0.005931,1.188235,0.000000
4.975817,-0.007855,-0.009998,5.529412,0.000000
4.965137,-0.004314,0.002913,15.000000,0.000000
4.987981,-0.006901,0.001081,5.250000,0.000000
4.984782,-0.004499,0.002743,2.500000,0.000000
4.982604,0.013044,0.006252,3.384615,0.000000
5.001347,0.005076,0.000489,1.969793,0.000000
5.002560,-0.001999,0.003906,3.941176,0.000000
4.990267,-0.008770,0.003473,2.401961,0.000000
4.982409,0.003881,-0.011798,0.000000,0.000000
5.001371,0.002836,0.013141,3.291667,0.000000
5.022696,-0.006507,0.005998,2.063025,0.000000
4.994148,0.004040,0.006577,2.894118,0.000000
4.994536,0.006622,-0.018494,3.333333,0.000000
5.000293,-0.014375,0.006676,8.416290,0.000000
5.008218,-0.001205,-0.018230,4.578947,0.000000
5.002435,0.013215,0.010550,1.181818,0.000000
5.004606,-0.018807,0.006038,1.256303,0.000000
5.003276,-0.004830,-0.001780,2.000000,0.000000
4.997654,0.008016,-0.009816,1.712670,0.000000
5.001808,-0.023318,0.016814,10.606061,0.000000
4.995287,-0.003910,-0.019071,12.500000,0.000000
5.005889,0.006878,-0.006673,2.000000,0.000000
5.003726,0.008903,-0.000867,0.000000,0.000000
5.012278,-0.010420,-0.010484,4.000000,0.000000
5.002983,-0.000995,0.013109,1.673529,0.000000
4.968464,-0.012682,0.002454,5.625000,0.000000
5.010431,0.015436,0.012735,2.421053,0.000000
4.999554,-0.001145,0.002302,1.372549,0.000000
5.008174,0.003579,0.010392,2.444444,0.000000
4.997583,-0.014555,0.004882,1.980392,0.000000
5.012708,0.000265,-0.018824,7.193720,0.000000
4.993198,0.001222,-0.017202,2.998492,0.000000
5.012442,-0.011048,-0.002746,2.063025,0.000000
5.011720,0.025671,-0.010034,39.666667,0.000000
5.004800,0.008836,-0.009637,2.911765,0.000000
5.006555,-0.017973,-0.011663,122.000000,0.000000
4.984945,-0.006476,-0.000309,2.379412,0.000000
4.999297,0.005823,-0.026940,127.000000,0.000000
4.986974,-0.016014,0.014740,8.442760,0.000000
4.997707,-0.009316,0.006685,0.000000,0.000000
5.004925,-0.018422,0.005535,3.011765,0.000000
5.005540,0.000220,0.004253,1.686275,0.000000
4.996885,-0.001735,0.001495,1.044233,0.000000
5.007336,0.014233,-0.009941,2.421053,0.000000
5.006445,0.001502,-0.011505,6.285714,0.000000
5.008219,0.005129,-0.001880,1.181818,0.000000
4.993058,-0.016217,0.011326,5.000000,0.000000
5.014469,-0.004926,-0.003435,2.421053,0.000000
4.994469,-0.003703,-0.002092,1.333333,0.000000
4.993300,-0.002254,-0.011181,2.375000,0.000000
4.985384,0.000994,-0.017964,3.686275,0.000000
4.999985,-0.013194,0.001251,2.000000,0.000000
5.004408,-0.011786,-0.001056,1.339525,0.000000
5.006018,-0.013327,-0.007313,2.941176,0.000000
4.998159,-0.004420,0.002792,2.000000,0.000000
4.989376,0.020384,0.013199,19.938503,0.000000
4.984654,0.000005,0.011115,2.247059,0.000000
5.002222,0.000393,-0.003027,0.000000,0.000000
5.010581,-0.012873,-0.015230,0.000000,0.000000
4.996751,0.003294,-0.009033,1.600000,0.000000
5.015505,-0.002839,-0.017296,10.000000,0.000000
4.972696,0.001047,-0.013971,35.404223,0.000000
5.000772,0.005053,-0.004128,0.000000,0.000000
5.000890,-0.003400,-0.020858,7.397059,0.000000
4.999904,0.017586,-0.009846,2.000000,0.000000
5.016970,-0.008987,0.003960,2.000000,0.000000
4.997242,0.002404,0.000740,1.848739,0.000000
4.987350,-0.004576,-0.010367,2.200000,0.000000
5.002133,0.008283,-0.005315,2.076923,0.000000
4.997014,0.001741,0.014051,1.500000,0.000000
5.001259,-0.004074,0.003148,1.466667,0.000000
4.985958,-0.002832,-0.007340,1.521739,0.000000
5.003060,0.002372,0.010156,2.000000,0.000000
5.000941,0.004252,0.005093,4.000000,0.000000
4.979753,0.007150,-0.012009,0.000000,0.000000
4.995595,0.035493,-0.002681,129.000000,1.000000
4.992571,0.006441,0.005342,2.149321,0.000000
4.981179,-0.001903,-0.006619,5.625000,0.000000
4.989544,-0.001824,0.006206,4.889706,0.000000
4.990881,0.015930,-0.000064,2.500000,0.000000
5.013745,0.000608,-0.001712,2.063025,0.000000
4.993045,0.015081,0.008063,4.058824,0.000000
5.006917,0.003876,-0.004192,10.058824,0.000000
5.012416,0.017081,-0.014715,20.000000,0.000000
5.007922,-0.021357,-0.006107,4.749851,0.000000
4.993038,0.026191,0.005292,115.000000,0.000000
5.003700,0.016373,0.008732,4.588235,0.000000
4.980354,-0.002758,0.002447,3.500000,0.000000
4.996381,-0.010341,0.015298,14.359477,0.000000
4.977300,-0.005763,-0.003254,54.000000,0.000000
5.005463,0.000615,0.013935,1.588235,0.000000
5.003757,-0.002192,-0.022663,2.220588,0.000000
5.001673,0.003288,-0.000341,1.182773,0.000000
5.011711,-0.008375,-0.000530,4.117647,0.000000
5.010445,0.004447,0.002078,12.382353,0.000000
4.984540,-0.003966,0.015210,2.411765,0.000000
5.000692,0.000852,-0.008721,3.823529,0.000000
4.986180,-0.009180,-0.014666,4.882353,0.000000
5.012163,0.000418,-0.002457,4.523810,0.000000
4.995563,0.007168,0.037025,34.970588,0.000000
5.005388,0.006995,-0.017060,6.386997,0.000000
4.999677,-0.014868,0.003929,4.331551,0.000000
4.984787,-0.011298,0.033554,37.000000,0.000000
5.004407,-0.006116,0.016578,5.000000,0.000000
4.991291,0.000729,0.000225,1.542857,0.000000
4.992395,0.011199,0.010738,12.000000,0.000000
4.997930,0.005020,-0.009584,1.542081,0.000000
4.992488,-0.002810,-0.000902,1.250000,0.000000
5.016912,-0.001686,-0.010856,3.285714,0.000000
4.999767,0.003843,-0.011217,2.411765,0.000000
4.982182,0.008598,-0.006695,3.529412,0.000000
5.002531,-0.009959,-0.002780,1.666667,0.000000
4.979017,-0.001655,-0.001815,2.521008,0.000000
4.994583,0.002687,-0.005323,2.745098,0.000000
4.993840,0.000121,-0.010904,4.139706,0.000000
5.008364,-0.011335,0.007995,3.089636,0.000000
5.013260,0.007855,0.003689,1.500000,0.000000
5.002299,-0.005189,0.008368,2.444444,0.000000
5.010370,-0.007316,0.004032,2.421053,0.000000
4.999971,0.001487,-0.001351,2.976471,0.000000
5.014515,-0.026195,-0.007619,11.647059,0.000000
5.002976,0.012369,0.017519,15.500000,0.000000
5.005328,0.004565,-0.003418,1.199296,0.000000
5.011317,0.000665,-0.002376,4.523810,0.000000
4.988203,0.022323,0.002810,21.000000,0.000000
4.994097,-0.004815,0.010051,0.000000,0.000000
5.003376,0.021722,-0.001279,10.666667,0.000000
4.987557,-0.018941,0.027294,62.196078,0.000000
5.012421,-0.019723,-0.003370,4.697712,0.000000
4.994106,0.017461,-0.010881,5.000000,0.000000
4.976025,0.001619,-0.006714,5.529412,0.000000
4.996377,0.003307,-0.005262,1.970588,0.000000
4.995372,-0.011560,0.022648,20.000000,0.000000
4.988652,0.001363,-0.008756,4.538462,0.000000
4.999491,-0.004140,-0.003057,1.564706,0.000000
4.981282,-0.003546,-0.004097,2.375000,0.000000
5.015059,-0.011806,0.016772,2.223529,0.000000
5.001962,-0.010721,-0.010498,5.990270,0.000000
4.986627,0.007760,-0.009850,1.800000,0.000000
4.993222,0.021880,0.004577,22.197326,0.000000
5.002622,0.011532,-0.005098,3.882353,0.000000
5.011127,0.017372,0.000604,7.117647,0.000000
4.994740,-0.004961,-0.006372,1.333333,0.000000
5.009117,-0.010464,-0.003815,2.000000,0.000000
4.980020,-0.006729,0.020696,9.256684,0.000000
4.990393,-0.008114,-0.004183,1.791444,0.000000
4.980400,-0.001590,0.003304,1.990418,0.000000
4.998953,0.022062,0.004961,6.929412,0.000000
4.991398,-0.010758,0.003286,7.000000,0.000000
5.001546,0.001197,-0.017967,2.534314,0.000000
4.996660,0.004367,-0.013130,1.538462,0.000000
4.999331,-0.012641,-0.020872,4.578947,0.000000
4.988015,0.014689,0.005485,1.769231,0.000000
5.014115,0.003822,-0.000739,3.000000,0.000000
5.009360,-0.008346,0.009200,0.000000,0.000000
4.983506,-0.006010,-0.000779,3.297386,0.000000
4.999925,-0.014505,-0.005643,5.691176,0.000000
5.007092,0.004262,-0.002529,2.058824,0.000000
5.003407,0.001443,-0.001316,1.250000,0.000000
5.007746,-0.007894,0.006836,1.319917,0.000000
5.002576,0.004204,-0.005609,1.188034,0.000000
4.996793,-0.023069,-0.002594,3.000000,0.000000
4.994822,0.008960,-0.000025,2.770019,0.000000
5.009614,0.001086,0.005412,4.000000,0.000000
4.988434,-0.000507,0.001643,2.149321,0.000000
5.018160,0.008770,-0.010382,5.058824,0.000000
5.000355,-0.007093,-0.009270,3.411765,0.000000
4.990173,-0.007202,-0.001525,1.586840,0.000000
4.988873,0.008248,0.003383,1.966387,0.000000
4.996780,0.005675,-0.002126,2.590607,0.000000
4.995986,0.002036,-0.003909,3.852941,0.000000
4.994990,0.007639,-0.005016,2.029412,0.000000
5.001313,-0.023919,0.009858,0.000000,0.000000
4.998897,-0.002023,0.002420,3.000000,0.000000
4.995016,-0.005833,-0.021930,3.686275,0.000000
4.986605,-0.002108,0.009365,3.271836,0.000000
4.998872,0.006412,0.020348,1.888889,0.000000
5.012357,0.008535,0.001950,1.941176,0.000000
5.013608,-0.002906,0.008252,1.593350,0.000000
5.024117,0.003541,-0.000487,7.565546,0.000000
4.994008,0.014150,0.003478,1.191597,0.000000
4.974115,0.006451,0.002624,4.538462,0.000000
4.996996,0.007951,-0.002929,2.575901,0.000000
5.007220,-0.007361,0.003895,2.531555,0.000000
5.016161,0.008177,0.013773,5.193277,0.000000
5.009875,-0.011550,-0.011973,0.000000,0.000000
5.005059,-0.015801,0.010522,4.500000,0.000000
5.001006,-0.016466,-0.001086,4.778905,0.000000
4.991334,0.020445,-0.012375,4.529412,0.000000
5.001506,-0.019628,-0.013649,8.747840,0.000000
5.030596,0.000812,0.019730,9.296919,0.000000
5.001877,0.004904,-0.001115,1.181818,0.000000
5.012102,0.006070,-0.000220,2.421053,0.000000
4.999123,0.006637,0.013925,1.714286,0.000000
5.001537,0.016591,-0.007308,3.817647,0.000000
4.999831,-0.002884,0.005171,1.241379,0.000000
5.003986,0.007768,0.026678,18.500000,0.000000
5.002689,-0.014802,0.004586,1.848739,0.000000
5.001210,-0.005265,0.009653,1.968627,0.000000
4.998257,-0.004452,-0.006548,1.060721,0.000000
5.000556,-0.000902,0.017669,4.450000,0.000000
5.001350,-0.005465,0.001047,1.250000,0.000000
5.026170,0.003350,-0.003556,5.347059,0.000000
4.998817,-0.000921,-0.002715,6.235294,0.000000
5.008578,-0.001944,0.018540,1.250000,0.000000
5.006595,0.013685,-0.004535,2.352941,0.000000
5.004210,0.011497,0.008697,1.202941,0.000000
5.013130,0.008570,-0.010527,6.000000,0.000000
4.980804,0.011267,-0.001109,3.442907,0.000000
5.001129,-0.010594,0.000071,2.134358,0.000000
5.014463,0.014946,-0.007537,4.382353,0.000000
4.996111,-0.009004,-0.000982,2.247059,0.000000
5.008407,-0.005867,0.002267,1.924370,0.000000
5.012871,0.001726,0.005197,1.499109,0.000000
4.987404,-0.007680,-0.006426,4.000000,0.000000
5.001152,-0.001068,-0.004168,1.240239,0.000000
4.997014,-0.015051,0.008066,5.000000,0.000000
4.995294,0.002464,0.001007,3.000000,0.000000
4.983882,-0.003487,0.008838,2.200000,0.000000
5.013344,0.000531,-0.008724,4.523810,0.000000
4.993129,-0.002842,0.014377,18.029412,0.000000
5.005680,-0.002343,-0.012014,5.250000,0.000000
5.000131,-0.001236,-0.006420,0.000000,0.000000
5.003389,-0.002566,-0.002541,1.297508,0.000000
5.000088,-0.019315,0.008975,5.835294,0.000000
4.989721,0.018535,-0.012187,4.000000,0.000000
5.005569,-0.006315,-0.001124,1.190126,0.000000
5.010626,0.006765,-0.013830,0.000000,0.000000
4.991057,0.000366,-0.003083,6.000000,0.000000
4.996859,-0.006920,-0.009971,2.000000,0.000000
4.986875,0.005185,0.010879,3.271836,0.000000
5.011220,0.005304,0.005844,2.011765,0.000000
5.003813,-0.008988,-0.003040,4.176471,0.000000
5.000389,0.007653,0.007087,3.227451,0.000000
5.004032,0.007900,0.006536,3.329412,0.000000
4.996408,0.000276,-0.010161,2.200000,0.000000
4.982433,0.013721,-0.012455,3.333333,0.000000
4.998921,0.005623,-0.008083,22.270588,0.000000
4.997645,0.015043,0.017470,9.068449,0.000000
4.997710,0.007516,0.002902,1.431373,0.000000
5.012700,-0.009014,0.000352,1.750000,0.000000
4.994277,-0.000637,-0.017176,5.750000,0.000000
5.015017,-0.022754,-0.016257,41.333333,0.000000
4.996390,0.014193,0.006259,2.363636,0.000000
4.991373,-0.011299,0.018115,4.450000,0.000000
4.993794,-0.003354,-0.004936,1.064516,0.000000
4.999035,0.000930,0.001841,1.226087,0.000000
4.995505,-0.003223,0.002359,2.705882,0.000000
4.999243,0.014626,0.001780,0.000000,0.000000
5.004468,0.000163,-0.006328,2.941176,0.000000
4.991838,0.005613,-0.001991,1.178571,0.000000
5.002978,0.006861,-0.001955,1.529412,0.000000
5.011138,-0.018011,0.005188,4.000000,0.000000
4.997339,0.009624,-0.009710,1.789140,0.000000
5.002298,-0.004025,-0.013019,5.250000,0.000000
5.001730,-0.006520,-0.003890,1.666667,0.000000
4.992149,-0.011552,0.004752,6.382353,0.000000
4.998141,0.001990,-0.004287,5.705882,0.000000
5.007623,-0.006420,-0.018519,17.000000,0.000000
5.006965,0.000660,0.001643,1.707665,0.000000
4.995129,-0.000421,-0.014711,2.504902,0.000000
4.979109,-0.000015,-0.005130,2.500000,0.000000
4.991508,-0.015280,-0.007503,3.333333,0.000000
4.998353,0.006722,0.005729,1.080214,0.000000
5.015380,0.007414,-0.017073,5.750000,0.000000
4.999199,0.007655,-0.016000,3.235294,0.000000
4.994545,0.006220,0.020217,23.000000,0.000000
5.005011,-0.006060,0.006530,3.875000,0.000000
4.987724,-0.003481,-0.008929,3.619377,0.000000
4.980213,0.004277,-0.008063,3.388889,0.000000
4.983890,-0.002875,0.005709,5.401961,0.000000
5.004030,-0.011522,-0.001559,1.731092,0.000000
5.004376,-0.012473,0.022534,5.000000,0.000000
4.999899,0.013843,-0.011955,4.588235,0.000000
4.998066,-0.011917,0.003721,0.000000,0.000000
4.999495,0.010286,0.012574,3.339869,0.000000
4.999595,-0.003866,-0.010224,6.028711,0.000000
4.987027,-0.005944,-0.004868,2.500000,0.000000
4.995846,-0.007506,0.018644,3.291667,0.000000
5.004376,0.013590,0.011149,3.291667,0.000000
5.001075,0.000728,0.011810,1.500000,0.000000
5.015258,-0.017632,0.003986,4.575163,0.000000
4.998012,-0.001244,0.005977,1.393717,0.000000
4.989866,0.005895,0.003092,2.776772,0.000000
5.006518,-0.001703,0.001933,2.896552,0.000000
4.989828,0.000166,-0.006965,4.000000,0.000000
4.989510,0.007146,0.012405,4.538462,0.000000
4.983875,0.005366,-0.005512,4.000000,0.000000
5.005082,0.006577,-0.003214,3.834590,0.000000
4.990950,0.012736,-0.002053,3.000000,0.000000
5.014492,-0.007307,-0.002379,2.148459,0.000000
5.002303,-0.000873,-0.008402,3.941176,0.000000
4.997021,0.004421,0.013110,6.823529,0.000000
4.986197,-0.011068,-0.003842,2.666667,0.000000
4.985913,-0.005352,-0.001622,3.388889,0.000000
5.003336,0.009689,-0.016963,6.838235,0.000000
4.988672,-0.002367,-0.026608,33.000000,0.000000
4.994372,-0.003415,0.002865,2.684211,0.000000
4.992653,0.000102,-0.015703,3.000000,0.000000
5.014035,-0.012352,-0.000960,2.411765,0.000000
4.992477,0.021971,0.004570,0.000000,0.000000
4.994712,0.004829,0.020151,4.111111,0.000000
4.995869,-0.002781,0.001787,1.978610,0.000000
4.993353,0.004692,0.004324,2.997326,0.000000
5.000648,-0.004411,-0.016922,26.274510,0.000000
4.992434,0.009551,0.006659,3.239819,0.000000
5.001335,-0.001251,0.007172,3.086957,0.000000
4.989249,-0.012595,-0.001426,8.000000,0.000000
5.007119,0.000275,0.011878,3.291667,0.000000
4.989234,-0.010649,0.003449,2.333333,0.000000
4.987026,-0.011670,0.009136,5.333333,0.000000
5.005116,0.001981,-0.008534,22.294118,0.000000
5.002930,-0.002634,-0.004913,1.978610,0.000000
4.986149,0.016945,-0.006522,2.235294,0.000000
4.998268,0.016797,0.003814,2.580645,0.000000
4.997846,0.000770,0.008199,1.422460,0.000000
5.006398,0.003856,-0.005789,1.600000,0.000000
5.007791,-0.007505,-0.006333,4.325421,0.000000
4.985767,0.000332,-0.007962,2.500000,0.000000
4.983887,0.003215,0.001043,5.529412,0.000000
4.999800,0.000634,-0.000293,3.000000,0.000000
5.011075,0.004786,-0.012481,4.058824,0.000000
4.995512,-0.010841,-0.005995,1.878151,0.000000
5.001759,0.009132,0.000609,2.981424,0.000000
4.995251,-0.005484,0.000042,2.191176,0.000000
5.008872,0.008057,-0.010812,6.165966,0.000000
4.985986,-0.002763,0.011048,3.298039,0.000000
5.022046,0.000144,-0.005507,5.442577,0.000000
4.994562,0.004604,0.001590,2.000000,0.000000
5.002317,0.003891,0.004490,1.136364,0.000000
4.999351,-0.004683,-0.000172,1.234847,0.000000
4.994052,-0.019354,0.000929,30.750000,0.000000
4.996675,-0.007860,0.016305,1.752941,0.000000
5.015160,-0.016847,0.006130,8.692308,0.000000
5.004718,0.011288,0.011196,2.666667,0.000000
5.004443,0.004415,-0.003006,9.952237,0.000000
5.019903,-0.004590,-0.004528,27.750000,0.000000
5.006108,-0.002245,0.011174,1.064516,0.000000
5.010481,-0.008968,0.012019,0.000000,0.000000
4.993816,-0.016172,0.000469,8.000000,0.000000
5.003826,-0.027768,-0.004609,10.000000,0.000000
5.001669,-0.007455,0.006564,1.136364,0.000000
4.991842,-0.006797,-0.006093,0.000000,0.000000
4.998625,-0.006936,0.008231,2.139750,0.000000
4.993025,0.006678,-0.009382,0.000000,0.000000
4.991185,0.008590,0.000910,3.336601,0.000000
5.006970,-0.010151,-0.004723,10.882353,0.000000
5.007256,-0.009106,-0.011622,8.558824,0.000000
4.990321,0.009058,-0.002354,3.336601,0.000000
5.016402,0.001694,-0.010435,4.750000,0.000000
5.011837,0.024724,0.008780,2.482239,0.000000
4.998869,-0.004542,-0.006773,1.403361,0.000000
5.015112,-0.004734,0.007753,1.593350,0.000000
5.011151,-0.000773,0.014755,2.294118,0.000000
4.986461,0.000791,-0.016398,2.151703,0.000000
5.006134,-0.001857,0.007351,3.291667,0.000000
5.005664,-0.008997,0.006850,1.845938,0.000000
4.969082,0.005478,0.003688,5.433824,0.000000
5.033980,-0.009751,0.004594,111.176471,0.000000
5.013462,-0.008878,-0.015925,7.218487,0.000000
5.001432,0.011420,0.002551,2.605313,0.000000
5.009139,0.009906,0.004675,2.506536,0.000000
4.995011,0.007045,-0.006605,3.000000,0.000000
4.995631,0.002181,0.017438,16.857143,0.000000
5.010138,-0.010297,-0.015193,1.276407,0.000000
5.011846,-0.004749,0.004362,2.148459,0.000000
5.014878,0.002049,0.007834,1.156863,0.000000
4.997182,-0.006217,0.010400,2.000000,0.000000
5.002299,-0.007211,-0.020515,1.737192,0.000000
5.008981,0.008569,-0.000590,2.000000,0.000000
4.984806,-0.007057,0.005522,2.200000,0.000000
5.006088,-0.001575,0.006291,1.064516,0.000000
5.001437,0.000070,0.011980,1.363636,0.000000
5.003484,0.006884,-0.014961,6.185316,0.000000
5.002012,0.000825,0.000496,2.040248,0.000000
5.004052,-0.002483,0.003880,1.064516,0.000000
5.015936,0.008845,0.007360,6.247059,0.000000
4.996028,0.018893,-0.000354,3.190045,0.000000
4.988640,-0.017784,-0.009826,8.044118,0.000000
5.012120,-0.007919,0.009533,5.122762,0.000000
5.001395,-0.004435,0.002168,1.428571,0.000000
4.998664,0.003377,0.003918,0.000000,0.000000
4.989504,-0.001672,-0.004864,2.188235,0.000000
5.000618,0.002492,0.000448,2.000000,0.000000
4.979621,0.010683,-0.003295,2.666667,0.000000
5.016181,-0.005343,-0.012676,3.000000,0.000000
4.981281,-0.002652,0.007958,35.311052,0.000000
4.986860,-0.004455,0.010545,2.500000,0.000000
4.994095,-0.002452,-0.000873,2.897059,0.000000
5.005167,0.002986,-0.015833,4.588235,0.000000
4.999286,-0.015201,0.001147,1.960784,0.000000
5.003026,0.005175,-0.022929,9.470588,0.000000
4.997895,0.000596,0.006971,1.354011,0.000000
5.004903,-0.000909,-0.006711,0.000000,0.000000
5.017111,0.003497,-0.022230,119.229412,0.000000
4.976694,-0.017212,0.000951,34.000000,0.000000
5.005240,0.002952,-0.004672,1.524064,0.000000
4.995534,-0.000638,0.013133,2.144118,0.000000
4.998205,-0.017915,0.012402,8.692308,0.000000
4.989505,-0.004513,-0.002200,2.000000,0.000000
5.009651,-0.006121,-0.007369,2.929412,0.000000
4.992550,0.001963,-0.009520,1.028617,0.000000
4.985571,-0.017947,-0.004412,6.811765,0.000000
4.998726,-0.002389,0.004843,2.269101,0.000000
5.014303,0.003622,0.006829,3.666667,0.000000
5.006496,-0.000231,-0.017141,4.578947,0.000000
5.008613,0.008706,0.008188,1.207283,0.000000
4.988456,-0.005818,0.006140,11.401961,0.000000
5.009617,-0.018859,-0.011610,2.449198,0.000000
4.994067,0.014544,0.012124,1.933937,0.000000
4.994573,0.013864,0.006616,3.086957,0.000000
5.004706,-0.005954,-0.017874,5.750000,0.000000
4.997770,0.009169,-0.004881,2.000000,0.000000
5.001648,-0.002932,0.011131,2.171123,0.000000
5.001801,0.001338,-0.001489,2.000000,0.000000
4.983401,0.006401,-0.009413,4.970588,0.000000
4.991208,0.002854,0.008003,3.715686,0.000000
5.009304,-0.011297,-0.005859,1.069124,0.000000
4.993634,-0.002879,0.008046,2.954545,0.000000
5.008383,0.009190,0.008336,2.117647,0.000000
4.993877,-0.013867,0.017997,4.929412,0.000000
4.980252,-0.000054,0.001037,2.521008,0.000000
5.007364,-0.027551,-0.015362,124.161765,0.000000
5.001026,-0.006281,0.005661,2.000000,0.000000
4.996794,0.005452,-0.017466,6.239496,0.000000
4.991025,-0.021007,0.001053,5.272727,0.000000
4.999874,-0.004560,0.006296,1.978610,0.000000
5.010069,0.009971,-0.015148,1.000000,0.000000
4.983198,0.007050,-0.005994,5.529412,0.000000
4.987343,-0.014442,0.015335,8.692308,0.000000
5.010510,0.021830,0.001004,4.470588,0.000000
5.006498,0.002270,0.010406,4.450000,0.000000
5.010865,-0.002872,0.010099,4.500000,0.000000
5.003463,0.009584,0.017524,10.531194,0.000000
4.981726,0.007412,0.012267,5.000000,0.000000
5.003605,0.001423,0.014200,1.500000,0.000000
5.012129,-0.007946,0.005343,1.398349,0.000000
5.004605,0.010526,-0.003369,2.911765,0.000000
5.004863,-0.003064,-0.006001,1.916667,0.000000
5.014277,-0.005395,0.015813,16.257703,0.000000
4.990574,-0.002726,-0.002064,2.459511,0.000000
5.004748,-0.008828,-0.001793,0.000000,0.000000
5.001285,-0.001668,0.001031,1.226087,0.000000
5.007007,-0.005559,-0.015728,25.215686,0.000000
5.002270,-0.011564,0.003422,2.896552,0.000000
4.996913,-0.001304,0.021238,8.969103,0.000000
4.987050,-0.007553,-0.004947,2.500000,0.000000
5.002455,0.001524,0.001014,1.311859,0.000000
5.005411,-0.007246,-0.011941,8.588235,0.000000
5.006462,-0.004743,-0.004837,1.681373,0.000000
5.011094,0.000886,-0.000154,7.823529,0.000000
4.983153,0.006308,-0.006519,3.424837,0.000000
5.004006,-0.005487,-0.011458,5.759804,0.000000
5.002649,-0.004846,0.010994,2.139750,0.000000
4.995397,-0.005777,-0.012410,3.098039,0.000000
4.994762,-0.006988,-0.007113,2.482353,0.000000
5.005118,0.003656,-0.010756,4.500000,0.000000
4.992067,-0.002877,-0.009613,0.000000,0.000000
4.986722,0.003977,-0.009185,2.921569,0.000000
4.997021,0.019168,0.016067,23.141176,0.000000
4.979070,0.006496,-0.005817,3.000000,0.000000
4.999213,-0.012038,0.003536,1.907563,0.000000
4.995348,-0.006279,0.008453,1.155998,0.000000
4.993938,-0.001403,0.027849,60.294118,0.000000
4.995938,-0.005428,0.007667,2.200000,0.000000
5.003879,0.008238,0.010529,3.339037,0.000000
5.000489,0.007677,0.026491,0.000000,0.000000
5.018442,0.002424,0.000272,8.170588,0.000000
5.005106,-0.013569,0.018197,3.500000,0.000000
4.997643,-0.002007,-0.004771,2.500000,0.000000
4.985705,-0.009131,0.018637,4.843137,0.000000
5.007033,0.034862,0.002449,0.000000,0.000000
4.990924,-0.013932,-0.029530,18.000000,0.000000
4.997564,0.013067,0.006254,3.317647,0.000000
4.998818,0.001162,0.019732,0.000000,0.000000
5.000692,-0.007555,-0.015882,1.344980,0.000000
4.988950,-0.008770,-0.005282,2.000000,0.000000
5.014098,-0.003043,-0.012916,1.862745,0.000000
4.985109,-0.004048,-0.003577,4.089965,0.000000
4.999690,0.011481,-0.014087,4.666667,0.000000
5.002139,0.008309,0.016899,4.006536,0.000000
4.999561,-0.014129,-0.000992,2.449198,0.000000
5.004331,-0.023528,0.010814,116.000000,0.000000
5.006712,0.017030,-0.018615,6.000000,0.000000
5.005120,0.016785,0.006514,2.363636,0.000000
5.018984,-0.013842,0.002885,4.021493,0.000000
5.022773,0.003094,-0.015797,41.568627,0.000000
5.014396,0.012065,0.003072,12.000000,0.000000
4.987347,0.005489,-0.007037,2.019377,0.000000
5.016578,0.014220,-0.020655,0.000000,0.000000
5.004252,-0.000108,0.017046,2.223529,0.000000
5.008959,-0.000700,0.007736,1.695187,0.000000
4.999788,-0.012646,-0.012096,5.921569,0.000000
5.013249,0.000797,0.022133,8.993379,0.000000
4.994991,-0.008251,0.007614,3.086957,0.000000
4.996205,0.006724,-0.002984,1.731092,0.000000
5.003219,-0.014731,0.005367,1.178571,0.000000
5.004562,-0.001540,-0.001450,1.500000,0.000000
5.003616,-0.009622,0.012577,15.000000,0.000000
4.991585,-0.009737,0.007691,6.772059,0.000000
4.989175,0.015282,0.004625,2.076923,0.000000
5.001130,0.002570,0.013918,2.000000,0.000000
5.010373,-0.001072,0.012865,2.000000,0.000000
4.999018,0.014318,-0.000239,1.714286,0.000000
4.999730,-0.011478,-0.010208,3.327731,0.000000
4.990845,0.006496,-0.020926,9.176471,0.000000
4.987734,0.010010,-0.002788,2.954545,0.000000
5.003522,0.020380,-0.010179,22.650980,0.000000
5.002595,-0.000408,0.007663,2.444444,0.000000
4.993947,0.002978,-0.008451,4.088235,0.000000
5.013729,-0.005328,-0.008485,3.004202,0.000000
4.996316,-0.017068,0.019552,37.000000,0.000000
4.990206,-0.006640,0.005506,2.375000,0.000000
4.998648,0.003436,-0.012707,2.176471,0.000000
4.994401,0.010482,0.008326,2.363636,0.000000
5.017249,-0.017395,-0.015659,8.000000,0.000000
5.015117,0.001638,-0.019940,4.808824,0.000000
5.000954,-0.011220,-0.002275,3.000000,0.000000
5.011983,-0.011959,0.003636,4.444444,0.000000
5.012815,0.017968,-0.021997,5.750000,0.000000
4.995002,0.003909,0.003048,2.021390,0.000000
4.999097,0.000865,0.005272,3.835294,0.000000
4.997627,-0.003747,0.002978,1.311859,0.000000
4.997276,-0.003824,0.004374,1.462185,0.000000
4.997178,0.000495,-0.000012,0.000000,0.000000
4.998803,0.003249,-0.016028,4.647059,0.000000
5.004087,-0.003018,0.007274,0.000000,0.000000
4.999043,-0.012457,-0.003375,5.329412,0.000000
5.023137,0.016297,-0.005428,4.487395,0.000000
4.987615,0.014429,-0.012348,3.284314,0.000000
5.020643,0.004201,-0.004922,5.913165,0.000000
5.007864,-0.006218,0.000947,1.905794,0.000000
4.981371,-0.004563,0.019688,5.000000,0.000000
4.983564,0.004293,-0.002373,5.467914,0.000000
4.978548,0.018389,-0.015640,22.847059,0.000000
5.006359,-0.008420,-0.004939,1.529412,0.000000
4.998183,0.008284,0.015179,3.000000,0.000000
4.991706,-0.006439,-0.001016,7.627451,0.000000
5.015206,0.001785,-0.010833,13.323529,0.000000
4.992264,-0.002207,0.000137,1.103057,0.000000
5.017775,-0.000366,0.003691,6.617647,0.000000
5.016347,-0.017422,0.012797,4.500000,0.000000
4.995639,-0.014300,-0.008899,1.568742,0.000000
4.991284,-0.004213,-0.013731,2.191176,0.000000
4.997124,0.016349,0.000233,4.778281,0.000000
5.025424,-0.007553,-0.018680,4.824183,0.000000
4.987224,0.008065,-0.000291,1.838955,0.000000
5.024936,0.006406,-0.010016,40.333333,0.000000
4.986489,0.006450,-0.006198,4.000000,0.000000
5.006598,-0.008379,0.018204,8.933155,0.000000
4.984369,0.009525,0.007620,0.000000,0.000000
4.989755,0.018588,-0.001197,0.000000,0.000000
4.991813,-0.001178,-0.000659,2.428571,0.000000
5.005908,-0.010062,-0.006409,1.970588,0.000000
5.010243,-0.007704,-0.012629,2.538462,0.000000
5.003617,0.000665,-0.019163,0.000000,0.000000
4.995840,0.007414,0.004159,3.312500,0.000000
5.013905,-0.001454,0.014903,16.277311,0.000000
5.006972,0.001214,0.008295,2.771242,0.000000
5.003076,-0.017833,0.013815,4.026471,0.000000
5.005290,0.005138,0.027033,17.117647,0.000000
4.997019,0.019504,0.018418,16.857143,0.000000
4.995844,0.000061,0.011069,8.811765,0.000000
5.011108,-0.001174,0.000741,3.333333,0.000000
4.990186,-0.002685,-0.001787,2.921569,0.000000
5.020222,0.007356,-0.007221,8.000000,0.000000
5.017983,0.002224,-0.014965,8.170588,0.000000
4.996980,0.001335,0.009380,1.202941,0.000000
4.991536,-0.001922,0.008807,3.291667,0.000000
4.994382,0.008046,-0.006301,3.000000,0.000000
4.993388,0.013032,-0.003786,2.602639,0.000000
4.989582,0.000899,0.002741,3.098039,0.000000
4.995387,-0.011291,-0.008560,2.941176,0.000000
4.997200,-0.008546,0.004516,4.000000,0.000000
4.992338,0.005501,0.007297,3.086957,0.000000
5.013133,0.003784,0.005767,3.071429,0.000000
4.991201,0.006955,-0.001811,2.600560,0.000000
4.994746,-0.018592,-0.006447,2.000000,0.000000
5.005676,-0.002241,-0.002327,1.664884,0.000000
4.989343,-0.016207,0.001743,3.862745,0.000000
4.991623,0.021221,0.002828,20.000000,0.000000
4.997559,-0.005491,-0.007134,1.000000,0.000000
4.999607,-0.002941,0.012728,3.164706,0.000000
4.993864,-0.013417,-0.000826,0.000000,0.000000
5.024931,-0.008514,0.000947,7.565546,0.000000
5.021172,-0.012616,0.015651,10.900000,0.000000
4.989593,-0.000522,0.009244,3.000000,0.000000
5.000778,-0.015558,0.000361,2.126498,0.000000
5.007442,-0.005319,0.008919,5.250000,0.000000
4.993566,0.001666,-0.001988,1.804864,0.000000
5.004884,0.006448,-0.002823,1.529412,0.000000
4.987619,-0.004358,-0.023486,0.000000,0.000000
4.998594,0.016963,-0.008616,0.000000,0.000000
5.003021,-0.001227,0.003333,1.241379,0.000000
5.001410,-0.021778,0.008152,8.692308,0.000000
5.001081,0.008518,-0.009091,5.800000,0.000000
4.996266,0.005986,-0.002205,1.714286,0.000000
5.004500,-0.000944,-0.007342,2.313725,0.000000
5.000090,-0.005467,-0.004814,1.250000,0.000000
5.001812,0.002043,0.009138,1.941176,0.000000
4.998550,-0.009681,-0.001106,2.117647,0.000000
5.012438,-0.003160,0.001020,3.071429,0.000000
5.000932,-0.000836,-0.004013,1.466667,0.000000
5.009873,0.005136,-0.005970,0.000000,0.000000
5.004136,0.008421,-0.005845,1.760504,0.000000
5.010542,0.012445,0.020966,8.869688,0.000000
5.012507,-0.001101,0.002419,7.239496,0.000000
5.019392,0.009211,0.000907,4.285714,0.000000
4.994240,0.016071,0.002210,11.452012,0.000000
5.026721,0.009663,-0.011732,43.666667,0.000000
4.998812,-0.011234,0.013300,11.000000,0.000000
5.007054,0.005041,-0.005156,1.600000,0.000000
4.986266,-0.007111,-0.005675,2.931373,0.000000
5.002949,0.018595,-0.001402,1.500000,0.000000
4.982320,0.017664,0.003919,4.823529,0.000000
4.997597,-0.007907,-0.004971,1.247059,0.000000
4.994111,0.001409,-0.006157,2.000000,0.000000
5.009882,-0.004500,0.011796,9.677871,0.000000
4.983740,-0.009215,0.017404,10.176471,0.000000
4.997070,-0.004696,0.000226,1.113893,0.000000
5.012344,-0.000705,-0.010238,3.243137,0.000000
4.999055,-0.006739,-0.017031,2.000000,0.000000
4.998906,0.000582,0.006381,2.063939,0.000000
4.996516,0.000514,-0.008786,1.117647,0.000000
5.011735,0.004444,-0.012842,3.285714,0.000000
4.997264,0.009937,0.008180,3.086957,0.000000
5.001977,0.005320,0.000022,2.516283,0.000000
4.998603,0.003426,-0.018131,4.823529,0.000000
4.988797,0.008756,0.005542,2.666667,0.000000
5.009315,-0.000748,-0.017698,2.333333,0.000000
4.991475,-0.003712,0.000485,2.000000,0.000000
4.999771,-0.001787,-0.001435,1.529412,0.000000
4.989345,0.006176,0.016786,4.470588,0.000000
5.004159,0.005134,0.009952,1.304813,0.000000
5.014058,0.011751,-0.001175,7.357143,0.000000
4.993516,0.012017,-0.010685,1.944118,0.000000
5.005652,-0.017886,0.002436,5.764706,0.000000
4.996393,0.000889,0.017828,3.291667,0.000000
4.997794,-0.003106,0.012989,5.800000,0.000000
4.998732,-0.000443,0.022233,1.750000,0.000000
4.993175,0.002653,-0.010386,1.028617,0.000000
4.995274,-0.007144,-0.002040,6.257353,0.000000
5.002464,-0.016192,-0.001032,8.254018,0.000000
5.001755,-0.013617,0.004518,1.980392,0.000000
5.003553,0.011196,0.001308,2.908497,0.000000
5.009705,0.029627,-0.009059,6.285714,0.000000
5.000206,0.003429,0.009494,3.065359,0.000000
4.997860,-0.000974,0.005436,1.051471,0.000000
4.984393,-0.001417,0.010900,1.611765,0.000000
4.987513,0.003328,0.003536,3.388889,0.000000
4.990075,0.012588,-0.019189,12.941176,0.000000
4.994759,-0.005634,-0.003991,11.423529,0.000000
5.002930,0.012600,0.009793,4.529412,0.000000
4.994509,0.003152,0.013476,2.437908,0.000000
5.010354,-0.010320,0.014647,4.971989,0.000000
5.002363,-0.011421,0.017134,2.144118,0.000000
4.986300,0.011958,0.002768,4.538462,0.000000
5.003127,0.019026,0.024096,0.000000,0.000000
4.999665,-0.004313,0.033161,6.509804,0.000000
5.013752,0.008917,-0.001224,4.285714,0.000000
4.991061,0.005895,0.016015,16.100840,0.000000
4.989801,-0.006530,0.008218,1.611765,0.000000
4.988796,-0.000659,-0.012344,9.250000,0.000000
5.002268,-0.015179,0.011436,7.000000,0.000000
4.998693,-0.020625,-0.000076,8.747840,0.000000
4.982980,0.013459,-0.000014,1.787242,0.000000
5.011034,0.003671,0.018366,6.000000,0.000000
5.010508,0.000293,0.015660,4.967647,0.000000
4.985864,0.012478,-0.014649,6.327731,0.000000
4.998359,-0.005739,0.018506,3.164706,0.000000
4.986567,-0.010721,0.002778,2.379902,0.000000
5.003072,-0.005200,0.007397,3.086957,0.000000
5.002749,0.005491,0.007124,2.088235,0.000000
4.998326,-0.011128,0.005300,1.195518,0.000000
4.982590,0.009878,-0.001430,1.838955,0.000000
5.004264,-0.008063,0.010741,2.500000,0.000000
5.005259,0.006419,-0.000157,2.000000,0.000000
4.995711,0.012777,0.004813,2.664137,0.000000
4.987920,-0.013645,-0.008401,5.250000,0.000000
5.004728,0.000904,0.012884,5.800000,0.000000
5.001069,-0.005028,-0.010465,2.941176,0.000000
4.999906,-0.002477,-0.016133,4.039216,0.000000
4.998019,0.022822,-0.011259,8.249300,0.000000
4.991014,0.023203,0.002019,4.509804,0.000000
5.017880,0.011616,0.003365,7.750000,0.000000
4.998506,0.001593,0.012309,2.000000,0.000000
4.994895,0.008430,0.000562,1.197479,0.000000
4.985865,-0.006618,0.018651,2.333333,0.000000
4.993698,0.014354,0.009060,3.200000,0.000000
4.990628,0.007330,-0.002443,3.388889,0.000000
5.007764,-0.004053,0.022692,1.250000,0.000000
4.995381,0.000808,0.004907,5.717647,0.000000
5.007044,-0.014626,0.004513,2.000000,0.000000
5.006771,-0.000561,-0.004419,0.000000,0.000000
4.982927,-0.008652,-0.009790,3.500000,0.000000
4.984657,0.001693,0.001990,2.980392,0.000000
4.991827,0.004815,-0.002250,3.441176,0.000000
4.992642,0.000800,-0.006294,4.139706,0.000000
5.001360,-0.010134,0.003952,3.200000,0.000000
5.011726,-0.001745,-0.015812,9.500000,0.000000
5.007909,0.013140,-0.003104,0.000000,0.000000
4.996407,-0.011601,-0.004142,2.235294,0.000000
4.980721,-0.008682,-0.005997,1.523529,0.000000
4.991678,-0.017240,-0.004392,7.752941,0.000000
5.003821,-0.001962,-0.001654,8.000000,0.000000
4.992163,0.005508,0.002836,1.283040,0.000000
5.015426,-0.004537,-0.001897,3.000000,0.000000
5.002743,-0.008274,-0.021364,1.271247,0.000000
4.993532,-0.009231,0.009778,3.200000,0.000000
5.001973,0.009407,0.010199,1.406417,0.000000
4.990971,-0.012275,-0.016746,6.185316,0.000000
5.005734,0.005444,-0.003149,3.000000,0.000000
4.990374,-0.010168,0.007058,2.029412,0.000000
4.997296,-0.005569,-0.012050,25.137255,0.000000
5.014808,0.005917,-0.000723,1.663866,0.000000
5.010581,-0.000530,0.006070,2.444444,0.000000
5.006925,-0.013453,0.002866,2.981424,0.000000
5.010526,-0.009936,-0.004107,0.000000,0.000000
4.993225,-0.010506,-0.000315,1.714286,0.000000
4.993719,-0.011142,0.006896,3.500000,0.000000
5.011415,0.005653,-0.003322,2.024768,0.000000
5.013856,0.005455,0.016971,9.068449,0.000000
5.010612,-0.008168,-0.007848,4.444444,0.000000
4.991510,0.012493,-0.009701,3.352941,0.000000
5.004851,-0.001387,-0.008258,2.941176,0.000000
4.985724,-0.012583,-0.001834,3.450980,0.000000
4.997847,-0.024421,-0.014095,5.523810,0.000000
4.990238,-0.000131,-0.000100,1.230508,0.000000
4.993826,-0.017542,0.006679,2.200000,0.000000
4.997885,-0.007804,0.003164,1.955375,0.000000
5.002469,0.003564,-0.007998,4.750000,0.000000
5.013133,0.001493,0.026334,117.941176,0.000000
4.995873,-0.003052,0.000428,1.432773,0.000000
-4.995298,0.001120,-0.000419,3.681818,0.000000
-5.000405,-0.007120,-0.000837,2.000000,0.000000
-5.011549,-0.014914,-0.000188,4.727273,0.000000
-5.008096,0.003264,0.006504,2.000000,0.000000
-4.999398,0.010394,0.000164,12.294118,0.000000
-4.997843,-0.017263,0.014614,6.250000,0.000000
-5.011631,-0.012786,0.014908,42.000000,0.000000
-5.003973,-0.021744,-0.001664,7.500000,0.000000
-5.002019,-0.008513,0.017209,6.142857,0.000000
-4.991201,-0.013670,-0.001239,4.117647,0.000000
-5.009005,-0.001731,0.013166,3.176471,0.000000
-5.008733,0.002375,-0.022954,1.666667,0.000000
-5.006038,-0.008153,-0.010819,4.038462,0.000000
-5.001512,0.009767,0.008425,1.968627,0.000000
-4.999975,0.006298,0.007059,3.411765,0.000000
-4.992867,0.002504,-0.002729,2.264706,0.000000
-5.003119,0.011602,0.002403,3.083333,0.000000
-4.997212,0.013959,0.004612,3.225490,0.000000
-5.008574,-0.005484,-0.016592,4.917647,0.000000
-5.002832,-0.009106,-0.004627,3.901961,0.000000
-5.001051,0.013236,-0.011556,3.284314,0.000000
-5.015220,0.003315,0.004279,2.800000,0.000000
-5.008641,-0.008101,0.011356,0.000000,0.000000
-4.996481,-0.004425,-0.016922,3.250000,0.000000
-5.003844,-0.000080,-0.010802,1.206897,0.000000
-5.011301,-0.002928,-0.003233,8.500000,0.000000
-4.999631,0.011571,-0.004998,4.000000,0.000000
-4.985240,-0.001685,-0.005317,12.285714,0.000000
-4.996630,0.008014,-0.000744,6.784314,0.000000
-5.009094,-0.007391,-0.015543,4.152941,0.000000
-4.997981,0.000777,0.012769,3.230769,0.000000
-5.029669,-0.004130,0.015762,9.125000,0.000000
-4.996361,0.009897,0.001514,7.000000,0.000000
-5.015359,-0.006644,-0.024339,44.333333,0.000000
-5.001954,-0.009595,0.010420,4.168552,0.000000
-5.004679,-0.002424,0.005218,3.411765,0.000000
-4.993730,0.014662,-0.001124,11.720588,0.000000
-4.994742,-0.013370,-0.014805,4.762032,0.000000
-4.995813,0.003334,0.000212,3.661319,0.000000
-5.002956,-0.017470,-0.005134,4.199643,0.000000
-5.010917,0.005373,0.004864,0.000000,0.000000
-5.010418,-0.001881,-0.012970,3.470588,0.000000
-4.996488,-0.005715,-0.005414,2.000000,0.000000
-5.012687,-0.005585,0.000815,3.019608,0.000000
-5.007321,0.008000,-0.004892,1.500000,0.000000
-5.015780,0.011878,-0.010883,3.833333,0.000000
-4.989245,-0.007153,0.009101,5.125000,0.000000
-4.993037,-0.002528,-0.017673,33.000000,0.000000
-4.992871,0.006997,-0.006691,3.500000,0.000000
-5.004203,-0.003280,-0.012224,0.000000,0.000000
-4.994102,-0.009958,-0.004684,3.427336,0.000000
-5.006296,-0.012374,0.008245,6.907563,0.000000
-5.001402,0.001314,0.006590,9.000000,0.000000
-5.009118,0.014469,0.005248,3.444444,0.000000
-5.012675,0.013223,-0.004964,2.176471,0.000000
-4.986602,0.008477,-0.000794,8.800000,0.000000
-4.992338,-0.003915,-0.006164,2.351515,0.000000
-5.000559,0.012260,-0.001599,2.166667,0.000000
-5.008062,0.002959,-0.002477,1.250000,0.000000
-5.001616,0.005008,0.003323,2.029412,0.000000
-4.985732,-0.000753,0.006894,12.285714,0.000000
-5.003430,-0.011355,-0.004343,5.666667,0.000000
-4.997181,-0.011443,0.008184,4.007802,0.000000
-4.989598,0.015072,-0.001873,6.000000,0.000000
-5.003000,0.009184,0.017702,8.949580,0.000000
-5.005171,-0.013604,-0.002183,4.907843,0.000000
-5.007130,-0.018701,0.004287,4.078980,0.000000
-5.010251,-0.010811,-0.007691,10.000000,0.000000
-4.997321,-0.000130,0.007870,3.683728,0.000000
-4.988503,-0.017268,-0.012115,4.590909,0.000000
-5.007346,0.014563,0.008400,10.000000,0.000000
-4.998026,0.003113,-0.001354,3.375000,0.000000
-5.007460,0.004969,0.013916,4.633053,0.000000
-5.004998,0.007307,-0.008175,1.437675,0.000000
-5.007682,-0.002067,-0.000443,1.333333,0.000000
-5.012969,-0.009382,-0.005559,4.250000,0.000000
-4.979361,0.009032,0.011074,9.513369,0.000000
-4.997262,-0.011738,-0.010552,3.433333,0.000000
-4.989432,0.001030,-0.009204,2.462605,0.000000
-5.009942,-0.001821,-0.006536,1.263158,0.000000
-5.007510,0.000110,0.005591,2.058824,0.000000
-5.014800,0.010282,0.003218,2.509804,0.000000
-5.014271,0.003375,0.005409,5.558824,0.000000
-5.008701,0.012834,0.001939,1.717787,0.000000
-5.008068,0.002764,0.016992,5.666667,0.000000
-5.007674,0.010167,-0.004590,2.528507,0.000000
-4.986843,-0.000740,0.012616,6.012605,0.000000
-4.990557,-0.000496,-0.002428,2.287582,0.000000
-4.995400,0.022765,0.007462,30.947712,0.000000
-5.008486,0.005005,0.006073,1.341176,0.000000
-4.993006,-0.003344,-0.007031,5.176471,0.000000
-4.995906,0.000216,0.006758,2.000000,0.000000
-4.982214,0.007981,0.007277,3.464286,0.000000
-5.001772,-0.002651,-0.002837,4.250000,0.000000
-5.005737,0.003215,0.009911,0.000000,0.000000
-4.998444,-0.003836,0.021201,12.000000,0.000000
-4.993552,0.004652,-0.003502,3.067647,0.000000
-5.003152,0.000760,-0.014612,12.588235,0.000000
-5.004109,0.003068,-0.017333,4.000000,0.000000
-5.012113,-0.012717,0.007903,5.611111,0.000000
-5.001163,-0.002548,0.001875,3.000000,0.000000
-5.013468,-0.019526,0.009608,0.000000,0.000000
-5.021623,0.008061,0.003098,4.250000,0.000000
-5.011616,0.006796,0.009403,2.981424,0.000000
-4.987930,-0.003210,-0.007993,4.956747,0.000000
-4.997733,-0.011626,0.003018,2.089249,0.000000
-4.983456,-0.004635,0.008755,9.160428,0.000000
-5.007237,-0.000553,-0.001186,1.250073,0.000000
-4.997338,-0.001268,0.009616,3.352941,0.000000
-4.989234,-0.009135,-0.006076,4.556150,0.000000
-4.987317,-0.001243,0.013748,2.015571,0.000000
-4.991169,-0.010565,0.020218,4.598930,0.000000
-4.990033,-0.010355,0.004020,3.146932,0.000000
-4.983906,-0.004544,-0.006842,5.125000,0.000000
-5.005809,0.011293,0.004082,2.500000,0.000000
-5.028086,0.002526,0.013865,20.000000,0.000000
-5.001491,-0.021254,0.006378,6.588235,0.000000
-5.024310,-0.014520,-0.007422,5.611111,0.000000
-5.005950,0.006744,0.009175,2.102941,0.000000
-5.002932,0.003307,0.003636,2.988235,0.000000
-5.015540,0.000369,0.001169,1.000000,0.000000
-5.005627,-0.005438,0.005032,3.368558,0.000000
-5.014013,0.006000,-0.009572,2.713764,0.000000
-5.004034,0.011108,-0.004905,2.404977,0.000000
-5.002445,-0.002770,-0.014959,1.034314,0.000000
-4.997369,0.009829,-0.008146,2.268908,0.000000
-5.020471,-0.001971,0.004700,2.730104,0.000000
-5.002422,0.011676,-0.006370,5.857843,0.000000
-4.994766,0.005493,0.004061,6.789916,0.000000
-4.997253,-0.017926,-0.006188,4.237745,0.000000
-5.005076,0.009140,0.014740,4.156863,0.000000
-4.994456,-0.011195,-0.026857,6.039216,0.000000
-4.992950,-0.002665,-0.010043,1.216216,0.000000
-4.988919,-0.016690,-0.002377,4.036199,0.000000
-4.989112,-0.014120,-0.009736,2.462605,0.000000
-4.993907,0.010709,-0.001806,2.666667,0.000000
-5.006572,-0.002163,-0.000027,2.000000,0.000000
-4.986571,-0.020875,-0.000638,18.835294,0.000000
-5.002073,-0.000717,-0.002764,2.176471,0.000000
-5.008428,0.011726,-0.012449,6.235294,0.000000
-5.003864,-0.000132,0.021611,30.764706,0.000000
-5.006798,-0.010152,0.011734,2.245098,0.000000
-4.982761,0.015591,0.017379,11.928571,0.000000
-5.006760,0.002062,0.008047,1.500000,0.000000
-4.992903,-0.004751,-0.005194,1.349008,0.000000
-5.002054,-0.012832,-0.001373,4.590909,0.000000
-4.988619,-0.006183,-0.000478,5.228758,0.000000
-4.990858,0.003686,-0.006129,4.196078,0.000000
-5.000438,-0.002392,-0.007004,1.952941,0.000000
-5.000549,0.005518,0.006376,2.000000,0.000000
-4.997506,-0.007999,-0.011574,3.433333,0.000000
-4.979472,-0.008851,0.001403,13.000000,0.000000
-4.981933,-0.005271,0.002669,5.241176,0.000000
-4.995518,0.004804,0.003479,6.778281,0.000000
-5.025884,0.000843,0.009449,5.000000,0.000000
-4.995698,0.006008,0.014449,2.039746,0.000000
-4.996447,0.003087,-0.000988,3.333333,0.000000
-5.014423,0.014388,0.009767,2.555556,0.000000
-5.005334,0.011459,0.012617,4.666667,0.000000
-5.016950,0.003556,0.016273,5.980392,0.000000
-5.016613,0.002909,-0.012224,6.942810,0.000000
-4.994071,0.006619,0.009332,3.498452,0.000000
-4.985073,0.000133,-0.006392,6.073529,0.000000
-5.008459,0.005990,0.010771,2.084034,0.000000
-4.991078,0.000053,0.004795,3.473684,0.000000
-5.003570,0.002479,-0.022051,2.284314,0.000000
-5.016142,-0.004804,0.006437,2.713764,0.000000
-4.997924,0.013451,-0.002349,3.334365,0.000000
-5.007066,0.003576,-0.014761,1.780392,0.000000
-4.992343,0.009432,-0.008899,2.355042,0.000000
-4.992062,0.005485,-0.007754,3.681818,0.000000
-5.011194,-0.000865,-0.002818,1.132426,0.000000
-5.009370,0.010927,0.006073,2.431373,0.000000
-5.005947,0.012613,-0.003022,1.500000,0.000000
-4.981565,0.016586,-0.005990,9.401604,0.000000
-4.998229,-0.001571,0.004779,4.000000,0.000000
-4.992184,0.004036,-0.010877,1.426891,0.000000
-4.996391,0.002715,0.007733,3.597594,0.000000
-5.003021,0.004351,0.005568,2.000000,0.000000
-4.985164,-0.000066,-0.000884,20.490196,0.000000
-5.002228,0.004707,-0.002169,2.890196,0.000000
-5.004530,0.006491,0.010920,2.941176,0.000000
-4.996335,-0.012602,-0.016023,3.500000,0.000000
-5.006109,-0.009021,0.005706,3.500000,0.000000
-5.000566,0.010977,0.002052,9.000000,0.000000
-5.006627,-0.011120,0.002211,3.129032,0.000000
-5.007779,-0.022120,0.011107,8.000000,0.000000
-5.011251,0.004406,0.016285,9.125000,0.000000
-4.985615,0.021617,0.001799,7.250000,0.000000
-5.001162,-0.007604,-0.005394,3.870915,0.000000
-4.995740,-0.001665,0.009782,3.470588,0.000000
-4.989143,-0.015730,-0.008971,3.148753,0.000000
-5.011453,0.019056,0.006679,32.666667,0.000000
-5.007083,0.001062,0.008387,3.000000,0.000000
-5.003572,-0.011213,0.005267,2.089249,0.000000
-5.005987,-0.004379,0.012785,2.245098,0.000000
-5.001532,-0.001752,-0.014794,5.308824,0.000000
-4.998804,0.013371,-0.007379,6.234314,0.000000
-4.990325,0.007496,-0.004144,3.000000,0.000000
-5.018470,-0.000692,-0.003377,9.411765,0.000000
-4.996089,-0.007507,0.002269,3.661319,0.000000
-5.011994,0.009638,-0.001362,3.101307,0.000000
-5.006379,-0.015913,0.002402,4.598930,0.000000
-5.006054,0.001118,-0.002013,1.975045,0.000000
-4.998272,-0.011740,0.004204,4.527752,0.000000
-5.004056,0.013082,0.005399,2.102941,0.000000
-5.009987,0.007933,-0.005462,3.470588,0.000000
-4.996640,-0.003292,-0.002458,0.000000,0.000000
-5.005621,0.000442,-0.012570,1.623529,0.000000
-5.002123,0.001030,0.009146,3.386809,0.000000
-4.999596,0.004078,-0.025442,14.833333,0.000000
-5.007022,-0.001811,0.010782,5.500000,0.000000
-4.998527,0.005216,-0.018316,1.857143,0.000000
-4.992150,-0.015887,0.000751,4.000000,0.000000
-4.987171,0.011413,-0.012615,5.027864,0.000000
-4.999204,0.007634,0.000592,1.705882,0.000000
-4.996332,0.013290,0.006309,4.720588,0.000000
-5.006121,-0.004849,-0.000137,1.431373,0.000000
-4.999254,-0.000574,0.009284,3.836601,0.000000
-4.998286,-0.002233,-0.012228,1.583333,0.000000
-5.011935,-0.001323,-0.020473,2.000000,0.000000
-4.994573,-0.013333,-0.011419,5.428571,0.000000
-5.004716,-0.019446,0.019525,7.477376,0.000000
-4.991096,0.015652,-0.006010,8.800000,0.000000
-4.991053,0.002875,-0.013946,1.426891,0.000000
-4.979931,0.011101,0.002969,2.563322,0.000000
-5.015613,-0.001382,0.012881,1.661765,0.000000
-5.000613,-0.017342,-0.001449,4.590909,0.000000
-4.997692,0.003563,-0.018775,2.997326,0.000000
-4.999802,0.010194,0.011923,4.696078,0.000000
-5.001312,-0.000849,-0.006918,3.938503,0.000000
-5.011201,0.008328,-0.010215,1.622316,0.000000
-5.010097,-0.015717,0.011150,7.500000,0.000000
-4.989425,-0.005704,-0.000572,1.832315,0.000000
-5.007364,0.004422,-0.006327,0.000000,0.000000
-4.984481,0.026118,0.004979,58.000000,0.000000
-5.009655,-0.013107,-0.011756,5.428571,0.000000
-5.006053,0.002602,0.008414,1.970588,0.000000
-4.987955,-0.007481,-0.001072,3.129032,0.000000
-5.006135,0.020722,-0.009579,2.470588,0.000000
-4.995990,-0.009456,-0.003609,4.038462,0.000000
-5.004406,-0.001800,0.007181,3.117647,0.000000
-5.006534,-0.013995,0.006460,2.891036,0.000000
-5.012023,0.002245,0.009516,2.000000,0.000000
-4.996964,-0.014680,-0.011167,6.088235,0.000000
-4.994565,0.000338,-0.002071,3.000000,0.000000
-4.978827,-0.005351,0.004118,5.123529,0.000000
-4.992581,-0.000670,0.000904,3.500000,0.000000
-5.005989,-0.008777,-0.031475,63.000000,0.000000
-4.993338,-0.014521,0.011378,4.727273,0.000000
-4.984636,-0.010934,-0.001575,5.637832,0.000000
-5.012001,0.009062,-0.007644,2.847751,0.000000
-4.983825,-0.012023,-0.000300,11.841100,0.000000
-4.999809,0.000990,0.004089,0.000000,0.000000
-4.989900,-0.001552,-0.008106,5.000000,0.000000
-5.009251,-0.005479,0.022159,14.000000,0.000000
-5.009073,0.018103,-0.006556,2.558824,0.000000
-5.004926,-0.003200,0.002718,1.286894,0.000000
-4.994318,-0.011544,0.002450,1.346635,0.000000
-5.009548,0.008861,-0.009550,3.600000,0.000000
-5.001228,-0.001367,0.007517,3.512605,0.000000
-5.013607,0.012369,-0.008937,5.486928,0.000000
-5.010158,-0.005186,0.001801,3.151961,0.000000
-5.003034,0.011652,0.001300,3.083333,0.000000
-4.996579,-0.004929,-0.026990,5.578431,0.000000
-4.996126,-0.014811,0.006214,5.611408,0.000000
-5.014352,-0.014196,0.010999,5.652661,0.000000
-5.001112,-0.008303,-0.001346,2.899860,0.000000
-5.000002,-0.001167,0.011948,3.117647,0.000000
-4.994633,0.001917,0.000118,0.000000,0.000000
-5.003972,-0.005332,0.003008,4.599053,0.000000
-5.004330,-0.009131,-0.011478,6.000000,0.000000
-5.007166,0.019613,0.001369,50.088235,0.000000
-4.997539,0.009457,-0.016987,1.975490,0.000000
-4.987572,-0.009141,-0.014674,0.000000,0.000000
-5.003321,0.004584,0.009354,1.000000,0.000000
-4.997555,0.008170,0.015754,15.411765,0.000000
-5.020929,0.004046,0.001801,1.327851,0.000000
-5.011257,-0.000589,0.006352,2.730104,0.000000
-4.997879,0.016759,-0.002452,4.647059,0.000000
-5.002545,0.014195,-0.007629,3.725490,0.000000
-4.997563,-0.009989,0.006156,3.474383,0.000000
-5.011775,-0.004800,-0.003170,2.964706,0.000000
-5.003599,-0.012775,-0.008224,5.500000,0.000000
-5.010063,-0.020223,-0.014298,6.987522,0.000000
-5.000199,-0.016471,-0.014217,12.513369,0.000000
-5.004384,0.004823,-0.002365,2.000000,0.000000
-4.985559,-0.006312,0.013688,5.030426,0.000000
-5.004634,-0.013543,-0.009721,4.640183,0.000000
-5.002401,-0.000049,-0.006059,0.000000,0.000000
-4.999968,-0.012129,0.004907,0.000000,0.000000
-5.008945,0.002355,-0.011947,8.333333,0.000000
-4.987762,-0.003303,-0.000174,5.027311,0.000000
-5.012488,0.002365,0.003737,1.058824,0.000000
-5.002588,0.010417,0.003867,1.500000,0.000000
-5.000307,0.005410,0.007201,0.000000,0.000000
-5.011777,-0.001930,-0.000488,1.218954,0.000000
-5.007454,0.001551,0.007219,1.966387,0.000000
-4.998711,0.003604,-0.016525,2.954545,0.000000
-4.998542,0.016771,0.015042,3.725490,0.000000
-4.995586,0.002573,0.005541,2.000000,0.000000
-4.994076,-0.003194,0.012329,2.000000,0.000000
-5.001586,0.011518,0.005841,3.504902,0.000000
-4.985559,-0.014752,-0.013878,2.670588,0.000000
-4.989412,-0.008257,-0.008309,3.249470,0.000000
-5.011419,0.002062,0.009325,1.294118,0.000000
-5.004494,0.006177,0.018367,12.910364,0.000000
-5.005594,-0.001376,-0.009432,1.800000,0.000000
-4.997873,-0.017156,0.003833,19.200000,0.000000
-4.994005,0.015369,0.012471,2.400000,0.000000
-4.986048,-0.015461,-0.012749,4.598930,0.000000
-4.983052,0.002143,-0.030097,16.689840,0.000000
-5.012077,0.004039,-0.002983,5.558824,0.000000
-4.995796,0.002597,-0.004479,2.000000,0.000000
-5.002949,0.009008,-0.009529,2.189542,0.000000
-4.999228,-0.009562,0.015697,8.795132,0.000000
-5.003055,0.005167,0.014912,4.098039,0.000000
-5.006146,-0.013722,0.008669,5.666667,0.000000
-5.002601,0.010194,0.012317,1.382353,0.000000
-4.998322,-0.018698,0.004958,4.803922,0.000000
-4.986716,-0.000993,0.012749,0.000000,0.000000
-4.992365,-0.011574,0.001522,4.004686,0.000000
-5.006613,-0.008129,-0.005281,3.150854,0.000000
-5.004542,-0.011356,-0.003910,4.640183,0.000000
-5.008114,-0.004604,0.007709,1.313725,0.000000
-5.001770,0.005475,0.001347,1.143599,0.000000
-4.998810,0.015207,0.023594,6.294118,0.000000
-5.004273,0.009081,-0.006892,2.040248,0.000000
-5.005295,0.015321,-0.019668,3.411765,0.000000
-5.008162,-0.009651,0.003502,4.038462,0.000000
-5.004674,0.008803,0.006752,2.500000,0.000000
-5.022434,-0.012634,0.002092,3.129032,0.000000
-4.999383,0.011161,-0.004027,6.141176,0.000000
-5.010116,0.025378,0.005849,9.000000,0.000000
-4.987481,-0.002685,-0.005911,1.729730,0.000000
-4.990597,-0.001550,0.000788,2.435294,0.000000
-4.995468,0.004418,-0.010110,6.941176,0.000000
-4.985704,-0.015153,-0.000608,4.042781,0.000000
-5.014229,0.002025,-0.002552,0.000000,0.000000
-4.986272,0.004438,0.010861,2.287582,0.000000
-4.990613,-0.005467,0.008443,5.000000,0.000000
-5.014346,0.007602,0.003271,4.250000,0.000000
-5.011326,-0.006744,-0.010991,4.000000,0.000000
-4.986306,-0.000831,-0.005634,0.000000,0.000000
-4.999285,-0.001115,0.006416,14.352941,0.000000
-5.002874,0.011299,0.015074,9.000000,0.000000
-4.992480,0.014198,0.011445,2.478844,0.000000
-4.998541,-0.002838,0.009657,0.000000,0.000000
-4.995197,-0.011529,0.008408,3.117647,0.000000
-4.998552,-0.017497,-0.010760,18.305882,0.000000
-4.993160,0.009914,-0.010539,16.203782,0.000000
-5.020149,-0.004249,0.019029,13.571429,0.000000
-5.002917,-0.025259,0.006049,112.278075,0.000000
-4.998217,-0.000995,0.001030,3.308824,0.000000
-5.001686,0.006092,-0.007790,2.787330,0.000000
-4.988741,0.012776,-0.004778,5.500000,0.000000
-4.994688,-0.009503,0.015267,4.590909,0.000000
-5.002412,0.002516,-0.022536,5.578431,0.000000
-5.014264,0.022382,-0.026117,5.117647,0.000000
-5.000816,0.006197,0.015830,3.428571,0.000000
-4.991749,-0.002591,0.004636,12.000000,0.000000
-4.989906,-0.001482,-0.008082,11.470588,0.000000
-5.002539,0.000503,-0.026551,5.000000,0.000000
-4.992389,-0.005403,-0.006725,3.669022,0.000000
-5.007950,0.011228,-0.006864,3.622549,0.000000
-4.990234,-0.013000,0.010713,4.598930,0.000000
-4.992082,-0.010360,0.001900,5.666667,0.000000
-4.999437,0.000621,0.002574,3.049020,0.000000
-4.999926,0.006999,0.007865,3.512605,0.000000
-4.998257,-0.005206,0.000402,4.882353,0.000000
-5.009493,0.011112,-0.008678,6.200000,0.000000
-4.996824,0.001409,0.000351,3.235294,0.000000
-4.996031,-0.007203,-0.006715,2.058824,0.000000
-5.002302,0.013762,0.008854,5.352941,0.000000
-5.000699,0.002220,-0.004971,2.000000,0.000000
-4.996443,-0.008620,-0.007316,5.843137,0.000000
-5.011509,0.010510,-0.000859,1.334365,0.000000
-5.004093,-0.006773,0.015220,3.882353,0.000000
-5.009794,0.013865,0.021300,35.000000,0.000000
-5.001261,-0.001287,-0.002833,3.823529,0.000000
-4.994037,-0.010637,0.002441,5.535294,0.000000
-5.005631,0.004873,0.005077,1.800000,0.000000
-4.988725,0.005169,0.003420,1.729730,0.000000
-5.010340,0.004892,-0.003842,9.705882,0.000000
-4.981818,-0.001213,0.001166,9.545455,0.000000
-5.003598,-0.009732,-0.005246,4.000000,0.000000
-4.989418,0.003193,-0.009236,4.282213,0.000000
-5.005980,-0.008958,-0.005289,0.000000,0.000000
-5.009735,-0.007963,0.013779,3.151868,0.000000
-5.007405,0.000152,-0.011319,4.905882,0.000000
-5.012048,-0.000504,-0.013889,15.529412,0.000000
-5.004258,-0.004331,0.008965,3.411765,0.000000
-5.000003,0.009365,0.007139,3.000000,0.000000
-5.014020,-0.013005,0.015206,5.540230,0.000000
-5.020973,0.006367,0.000483,4.250000,0.000000
-5.000598,-0.001038,-0.002444,2.882353,0.000000
-4.985047,0.018793,0.004906,14.483193,0.000000
-5.015782,-0.006712,0.011322,4.250000,0.000000
-4.991690,-0.000874,-0.012654,2.462605,0.000000
-4.988423,0.009732,0.004290,5.111111,0.000000
-5.009773,0.007817,0.012536,1.161765,0.000000
-5.008410,0.014280,-0.015868,6.400000,0.000000
-4.985721,0.013028,-0.002496,6.214286,0.000000
-5.003814,0.011284,0.011710,2.637255,0.000000
-4.996149,0.005647,0.001221,3.025210,0.000000
-4.999520,0.021767,-0.000209,55.470588,0.000000
-4.980773,-0.000247,-0.008765,3.241176,0.000000
-5.017518,0.023855,0.007993,24.000000,0.000000
-5.018922,-0.033113,-0.011295,0.000000,0.000000
-4.997172,-0.008629,0.005784,3.433333,0.000000
-4.982331,-0.006986,0.002563,11.817927,0.000000
-5.008691,0.002483,-0.007094,2.000000,0.000000
-4.999145,0.007232,0.003777,3.083333,0.000000
-5.015091,0.008942,-0.008947,1.223870,0.000000
-5.003341,0.007465,0.009507,3.500000,0.000000
-4.989692,-0.005769,-0.014632,4.909664,0.000000
-5.000375,0.020233,0.007597,3.444444,0.000000
-5.009653,0.010864,0.011721,4.666667,0.000000
-4.994496,0.005928,0.001210,2.714138,0.000000
-5.000508,-0.031159,-0.008283,130.705882,1.000000
-5.005109,0.013037,0.000819,3.083333,0.000000
-5.001369,0.018329,0.001410,33.245098,0.000000
-5.001802,-0.003851,0.001875,1.647059,0.000000
-4.989801,-0.003947,0.007618,3.363322,0.000000
-5.000480,0.001082,0.004597,3.504902,0.000000
-5.001523,-0.012019,-0.003745,5.666667,0.000000
-4.991545,-0.021731,0.003919,4.038462,0.000000
-4.994067,0.005005,0.009863,2.847059,0.000000
-5.006577,-0.008294,-0.005832,3.086148,0.000000
-4.987794,0.007030,0.015246,2.494118,0.000000
-5.010325,0.008820,-0.006765,27.000000,0.000000
-5.002754,0.007674,-0.016775,3.073045,0.000000
-5.001748,-0.012691,0.014276,2.794118,0.000000
-4.995988,-0.009600,-0.003288,3.470588,0.000000
-4.996734,-0.013008,-0.010830,5.774510,0.000000
-4.991552,-0.017421,-0.013986,5.537115,0.000000
-4.994325,0.003706,0.005310,3.067647,0.000000
-4.990599,-0.003271,-0.002971,3.497899,0.000000
-4.985437,0.001016,0.019520,5.014706,0.000000
-5.009223,-0.021649,-0.014163,5.666667,0.000000
-5.004661,0.005152,-0.006893,2.250000,0.000000
-4.993910,-0.003778,-0.003741,3.263158,0.000000
-4.997467,0.002539,0.004176,1.937944,0.000000
-5.002312,0.005072,-0.005712,0.000000,0.000000
-4.999866,0.010122,-0.007749,1.222222,0.000000
-5.002468,0.007699,-0.015123,5.411765,0.000000
-4.989428,0.000994,-0.007030,3.497899,0.000000
-4.992626,0.008633,0.000063,3.421569,0.000000
-4.991877,-0.001637,-0.014986,0.000000,0.000000
-5.002931,0.009142,-0.017310,2.250000,0.000000
-4.996409,0.000091,0.011929,1.857843,0.000000
-4.982237,0.013515,-0.010783,5.125000,0.000000
-4.992743,0.000860,-0.004045,2.186851,0.000000
-5.005401,-0.004951,0.002228,2.000000,0.000000
-5.012688,-0.002812,-0.000707,0.000000,0.000000
-4.999281,0.002449,-0.016936,1.639216,0.000000
-4.987103,-0.005144,0.016769,10.666667,0.000000
-4.996857,-0.016861,-0.000503,18.386765,0.000000
-4.987596,-0.000328,0.007085,3.897924,0.000000
-4.998973,-0.016941,0.013326,0.000000,0.000000
-4.992301,0.003676,-0.003771,3.669575,0.000000
-4.994530,-0.000284,0.004820,3.500000,0.000000
-4.997998,-0.004701,-0.007880,2.058824,0.000000
-4.987958,-0.007731,-0.006606,9.117175,0.000000
-5.001716,0.001771,-0.014352,1.583333,0.000000
-4.999928,-0.003946,0.003113,3.117647,0.000000
-5.001621,-0.018109,0.010121,5.649510,0.000000
-5.009847,0.002957,0.000034,4.870588,0.000000
-4.991577,-0.008417,-0.020514,6.666667,0.000000
-5.005978,-0.014297,-0.007744,4.007802,0.000000
-4.987454,0.000790,-0.009421,9.188292,0.000000
-5.013907,0.003590,-0.005227,2.800000,0.000000
-4.999402,-0.007133,0.011453,4.666667,0.000000
-5.002499,-0.004770,-0.001063,3.797386,0.000000
-4.991284,0.001153,0.015690,5.176471,0.000000
-5.001518,0.019023,-0.006211,11.735294,0.000000
-5.008376,-0.001991,-0.002539,3.058824,0.000000
-5.002163,-0.006550,-0.016677,4.733660,0.000000
-5.002049,-0.009427,0.003730,0.000000,0.000000
-4.987242,0.004989,-0.004395,8.800000,0.000000
-5.000278,-0.006373,0.013376,3.517241,0.000000
-4.998012,-0.004219,-0.002815,11.000000,0.000000
-5.004493,0.007638,0.009886,2.000000,0.000000
-5.002818,-0.010297,-0.002349,3.247899,0.000000
-5.006936,-0.003986,0.006111,1.265487,0.000000
-5.006455,-0.001308,0.003382,2.000000,0.000000
-5.006318,-0.011656,-0.016879,0.000000,0.000000
-5.000978,0.009641,-0.000522,1.500000,0.000000
-4.992696,0.006329,0.005225,3.464286,0.000000
-4.998208,0.016993,0.004724,3.295150,0.000000
-4.996017,0.001853,0.004883,3.230769,0.000000
-5.005976,0.011625,0.013286,4.833333,0.000000
-5.009576,-0.004293,-0.006785,3.039216,0.000000
-4.996184,0.008226,-0.013907,2.954545,0.000000
-4.999192,0.010808,0.028509,7.529412,0.000000
-5.004134,0.019881,-0.010409,2.684211,0.000000
-5.023355,0.006578,-0.011053,27.151261,0.000000
-4.994887,-0.003121,0.018530,13.333333,0.000000
-4.994957,0.018788,0.009354,48.970588,0.000000
-4.997289,0.014797,-0.018044,5.000000,0.000000
-5.010320,-0.013159,0.007548,2.500000,0.000000
-4.982674,0.004916,-0.002162,6.073529,0.000000
-5.008451,-0.002011,-0.004573,2.434389,0.000000
-4.989074,0.003949,0.013160,2.000000,0.000000
-4.998881,-0.008698,-0.000854,3.583333,0.000000
-5.004914,0.001470,0.006534,2.000000,0.000000
-5.009986,0.017872,0.010725,10.705882,0.000000
-4.977788,0.000418,0.002249,51.128028,0.000000
-4.998167,0.034469,-0.009253,2.684211,0.000000
-4.998664,-0.017893,0.010809,4.362745,0.000000
-4.979873,-0.006260,0.008546,6.214286,0.000000
-4.993220,-0.015729,-0.020280,7.030812,0.000000
-5.000191,0.004079,0.003693,1.064516,0.000000
-4.994854,-0.007139,-0.007109,4.647059,0.000000
-5.003377,-0.001434,-0.005304,2.493213,0.000000
-5.006932,-0.000336,0.003953,1.285714,0.000000
-5.016427,-0.005567,-0.010776,6.781046,0.000000
-5.000020,0.011722,0.000515,3.308824,0.000000
-4.990989,-0.003808,-0.012820,1.575758,0.000000
-4.984624,-0.013171,0.011221,6.250000,0.000000
-4.989440,-0.006855,0.010369,3.672137,0.000000
-5.024367,-0.001906,-0.002357,8.277778,0.000000
-5.018233,0.008550,-0.010777,6.058824,0.000000
-5.002896,-0.003169,-0.016031,1.000000,0.000000
-5.002285,-0.007363,-0.005134,3.433333,0.000000
-4.987428,-0.008251,-0.005431,2.563322,0.000000
-4.997364,0.008583,-0.002403,2.684211,0.000000
-5.015571,0.006362,-0.011241,2.713764,0.000000
-4.989659,-0.004085,0.000401,1.729730,0.000000
-5.001282,-0.016140,0.001232,3.223046,0.000000
-5.001403,-0.000799,-0.011263,1.583333,0.000000
-4.981663,-0.000517,-0.018547,9.545455,0.000000
-4.987247,0.001847,-0.009133,2.287582,0.000000
-4.991526,-0.008147,0.015841,9.779412,0.000000
-5.005769,-0.012981,-0.016968,5.500000,0.000000
-5.001004,0.014092,-0.002559,8.745098,0.000000
-4.983236,-0.011652,0.003877,7.666667,0.000000
-4.977199,0.018829,0.000136,47.000000,0.000000
-4.996728,-0.000220,-0.007981,6.000000,0.000000
-4.991570,-0.015588,0.002607,16.677485,0.000000
-4.992100,0.008434,-0.006157,2.386555,0.000000
-5.003971,-0.010024,-0.004637,4.526738,0.000000
-4.998780,-0.001304,-0.004014,2.493213,0.000000
-4.993063,-0.021600,0.013543,4.038462,0.000000
-4.998276,-0.010762,-0.004463,2.441176,0.000000
-4.990398,0.009835,-0.003706,3.027311,0.000000
-5.004273,-0.011580,0.001320,9.500000,0.000000
-5.007011,-0.011360,-0.009550,8.789916,0.000000
-4.980031,-0.000505,-0.018152,13.107843,0.000000
-5.000882,0.001122,-0.002413,1.529412,0.000000
-4.989395,-0.006789,0.000420,2.264706,0.000000
-5.015402,0.020966,0.000675,1.000000,0.000000
-5.002882,0.010359,0.000511,1.666667,0.000000
-4.990977,0.006455,0.023989,7.000000,0.000000
-4.987921,-0.016904,0.009322,4.556150,0.000000
-5.016616,-0.018090,-0.003398,10.000000,0.000000
-5.000689,0.002599,0.004083,1.094589,0.000000
-4.992009,-0.001056,-0.009660,2.000000,0.000000
-5.010073,-0.017463,0.001571,3.261148,0.000000
-4.988981,-0.012519,-0.011099,4.727273,0.000000
-5.008469,-0.004742,-0.008699,4.000000,0.000000
-5.035489,0.014159,0.006856,87.000000,0.000000
-5.004547,-0.000211,-0.001095,2.941176,0.000000
-5.006002,0.005116,-0.004922,2.000000,0.000000
-4.992758,0.007009,0.004030,3.769739,0.000000
-4.993344,0.013702,0.009108,2.000000,0.000000
-5.017145,0.005066,-0.003292,5.575163,0.000000
-4.992249,-0.007725,-0.002659,3.500000,0.000000
-4.994369,0.007450,-0.007919,4.333333,0.000000
-5.011735,-0.012495,-0.005086,3.433333,0.000000
-4.985026,-0.007170,-0.011789,2.247899,0.000000
-5.008998,-0.002452,0.016489,7.000000,0.000000
-4.990183,-0.009522,-0.003056,4.007802,0.000000
-5.019976,0.018798,-0.003717,13.571429,0.000000
-4.982655,0.001152,0.007531,4.333333,0.000000
-5.015051,-0.006969,0.002869,2.642883,0.000000
-5.000440,-0.001933,-0.013874,3.888889,0.000000
-5.007830,-0.002873,0.003728,1.313725,0.000000
-4.996879,0.006925,0.008603,1.915535,0.000000
-5.004539,0.000227,0.011210,7.647059,0.000000
-4.996189,0.004497,0.007033,3.500000,0.000000
-4.994209,0.016058,-0.003777,76.661765,0.000000
-5.016972,-0.006406,-0.003236,3.129032,0.000000
-4.973005,0.002133,-0.012984,0.000000,0.000000
-4.993254,0.012074,0.015810,2.509804,0.000000
-4.980565,-0.033457,-0.006690,140.000000,1.000000
-5.008152,-0.011233,0.000081,0.000000,0.000000
-4.978448,0.001112,0.003575,6.214286,0.000000
-4.997133,0.003751,-0.000265,0.000000,0.000000
-4.993768,0.005775,-0.005995,3.882353,0.000000
-5.008397,0.002218,0.000159,6.705882,0.000000
-5.007665,0.009688,0.002265,9.686275,0.000000
-4.980123,-0.011503,0.023039,8.000000,0.000000
-5.003667,-0.004360,0.013814,3.421569,0.000000
-5.006407,0.004292,-0.002324,1.807487,0.000000
-5.005915,0.010261,-0.015093,4.364146,0.000000
-5.011199,-0.030389,-0.008655,122.764706,0.000000
-5.004279,0.000874,0.002362,3.023529,0.000000
-4.987080,0.007985,0.007243,9.187739,0.000000
-5.013843,-0.017638,-0.006410,4.237745,0.000000
-4.998823,0.002204,0.010113,3.470588,0.000000
-5.004545,0.004245,0.003831,3.254902,0.000000
-5.011105,-0.003790,0.016550,4.250000,0.000000
-5.023691,-0.003716,0.006485,4.042484,0.000000
-5.006722,-0.017136,-0.016638,6.666667,0.000000
-4.985491,-0.008338,0.001951,3.517241,0.000000
-5.002377,-0.002459,-0.007601,1.975045,0.000000
-5.017260,-0.013575,0.011020,5.260504,0.000000
-5.008835,0.008724,0.001265,8.216613,0.000000
-4.990773,-0.007060,-0.003367,4.000000,0.000000
-5.003641,-0.010277,0.006139,3.146932,0.000000
-4.986535,0.006100,0.009862,1.729730,0.000000
-4.997013,0.003420,0.016213,0.000000,0.000000
-5.008166,0.021065,0.001432,5.745098,0.000000
-4.983529,-0.001640,0.007121,6.214286,0.000000
-4.992071,-0.000587,-0.008119,1.832315,0.000000
-5.008940,0.007707,0.004078,8.313725,0.000000
-4.991353,0.001528,0.005364,2.086134,0.000000
-5.008104,-0.008551,-0.003505,3.146932,0.000000
-4.996483,0.011940,0.014270,4.941176,0.000000
-4.990603,-0.000314,0.017038,0.000000,0.000000
-5.001707,0.008778,0.007873,2.684211,0.000000
-5.003947,-0.003506,-0.001407,2.960784,0.000000
-5.006595,0.007997,-0.001222,1.635294,0.000000
-5.007102,-0.008792,-0.002929,1.568121,0.000000
-4.980393,0.020855,-0.011934,7.100000,0.000000
-4.991442,-0.012002,0.003080,0.000000,0.000000
-5.012610,-0.004051,-0.003368,5.000000,0.000000
-5.005453,0.010089,0.001295,1.800000,0.000000
-5.004879,0.008765,-0.012033,3.754902,0.000000
-5.005157,0.008425,0.011635,9.125000,0.000000
-5.013297,-0.014484,0.016736,5.250000,0.000000
-4.997422,0.008389,0.004650,3.230769,0.000000
-5.015056,-0.018970,-0.010303,8.677485,0.000000
-5.001668,0.001526,-0.010220,1.745098,0.000000
-4.992855,-0.009671,-0.011889,3.433333,0.000000
-5.019914,0.000926,0.000104,0.000000,0.000000
-5.001014,-0.004092,0.010049,8.000000,0.000000
-5.003232,0.020730,0.014732,3.431373,0.000000
-4.998363,-0.006153,-0.002858,1.545455,0.000000
-5.018172,-0.016224,0.004665,3.517241,0.000000
-4.988031,-0.006309,0.007473,6.888889,0.000000
-5.012591,0.028374,-0.000956,23.967320,0.000000
-4.998085,0.003598,-0.000392,3.000000,0.000000
-5.018875,-0.012786,-0.022398,14.000000,0.000000
-4.990061,0.017003,0.004460,14.321981,0.000000
-5.005082,-0.009143,-0.009779,4.554622,0.000000
-4.999092,-0.002745,-0.011480,3.888889,0.000000
-5.015887,0.018267,0.001142,5.611111,0.000000
-4.995160,0.006748,0.017884,6.142857,0.000000
-4.990059,0.011196,0.006771,2.421569,0.000000
-5.001950,-0.007123,-0.007991,3.501014,0.000000
-5.002032,0.002468,0.006220,0.000000,0.000000
-5.000046,-0.005117,-0.001148,1.689840,0.000000
-4.998532,0.004740,-0.013311,2.708683,0.000000
-5.013923,-0.010475,-0.022090,57.073529,0.000000
-4.987399,-0.007451,-0.009695,3.117647,0.000000
-4.999096,0.013470,-0.000375,14.392157,0.000000
-5.002399,0.007834,-0.001153,2.000000,0.000000
-5.000266,-0.011996,0.008699,4.002866,0.000000
-4.995864,0.001992,-0.016207,3.639037,0.000000
-4.987480,-0.008658,-0.005528,3.464286,0.000000
-4.998056,-0.006929,-0.008221,9.000000,0.000000
-4.993210,-0.006397,-0.000597,2.264706,0.000000
-4.984744,0.006278,-0.005369,7.100000,0.000000
-5.003210,-0.019018,0.010193,4.117081,0.000000
-5.000622,0.004781,-0.001928,2.988235,0.000000
-4.988144,0.014856,0.004406,5.228758,0.000000
-5.011758,0.017295,-0.007808,7.751634,0.000000
-4.973241,-0.004455,-0.000378,5.000000,0.000000
-4.984853,-0.001692,-0.002780,7.100000,0.000000
-5.004808,0.010931,-0.008387,3.313725,0.000000
-5.023272,-0.000715,-0.001557,6.942810,0.000000
-5.001157,-0.001438,-0.004216,3.000000,0.000000
-4.998464,-0.001765,0.016112,13.333333,0.000000
-5.008485,0.004745,-0.013170,2.490539,0.000000
-4.987353,0.011103,-0.008864,2.355595,0.000000
-5.002796,0.005810,0.005354,2.093137,0.000000
-4.994486,-0.006109,-0.003287,4.882353,0.000000
-4.993208,-0.016158,-0.009751,11.572193,0.000000
-4.986598,0.010462,0.017452,6.214286,0.000000
-4.997390,0.001045,0.012423,3.655286,0.000000
-4.986301,-0.012602,0.003159,11.769922,0.000000
-4.992264,0.002590,0.025546,118.000000,0.000000
-5.002333,-0.010184,0.015629,3.050420,0.000000
-5.007759,-0.001324,0.005165,3.719881,0.000000
-5.022431,0.017693,0.013747,10.411765,0.000000
-5.007478,0.006570,0.005595,2.000000,0.000000
-5.010196,-0.025061,0.005522,5.774510,0.000000
-5.005296,-0.010908,0.008069,5.666667,0.000000
-5.008342,-0.001666,-0.001329,2.901961,0.000000
-4.993091,0.003298,-0.002683,0.000000,0.000000
-4.999621,0.002621,-0.014946,12.857143,0.000000
-5.009420,-0.020552,-0.000279,21.747059,0.000000
-5.005838,-0.010686,-0.006148,1.516129,0.000000
-5.002064,0.000840,-0.003910,2.117647,0.000000
-5.003223,0.003258,-0.026437,4.176471,0.000000
-4.994187,0.009562,-0.003112,10.000000,0.000000
-4.987693,-0.014804,0.021306,10.317291,0.000000
-4.991228,-0.006930,-0.010791,3.129032,0.000000
-4.983615,-0.003009,0.008174,1.863275,0.000000
-5.016899,0.013086,-0.005363,1.255955,0.000000
-4.991764,0.003160,0.007643,2.015571,0.000000
-4.993150,0.005844,0.007667,3.464286,0.000000
-4.994889,0.006906,0.004380,6.764706,0.000000
-5.000557,0.003614,-0.017606,5.308824,0.000000
-5.007310,-0.004158,-0.000721,2.941176,0.000000
-4.974870,0.010979,0.017631,47.000000,0.000000
-4.995832,-0.020515,0.007148,7.500000,0.000000
-5.017903,-0.013315,0.009751,3.264299,0.000000
-5.007531,0.019445,-0.012775,0.000000,0.000000
-5.010452,0.007450,0.000784,1.467787,0.000000
-5.006367,-0.004011,-0.002744,0.000000,0.000000
-5.002315,0.009729,0.017803,6.666667,0.000000
-4.994063,-0.012544,0.006520,2.400000,0.000000
-5.012368,0.010064,-0.020286,6.037348,0.000000
-4.992459,-0.020132,0.024961,7.065611,0.000000
-4.988453,0.019659,-0.003419,19.764706,0.000000
-5.022725,0.004788,-0.006858,6.445378,0.000000
-5.009789,-0.024668,0.004868,7.029412,0.000000
-5.012944,-0.008218,0.000156,6.670588,0.000000
-4.997169,-0.013534,0.002093,4.637032,0.000000
-4.998041,0.018745,0.003509,2.684211,0.000000
-5.015549,0.007843,-0.012303,7.163399,0.000000
-4.994645,-0.001990,0.009871,4.274064,0.000000
-4.997727,-0.003086,-0.004628,3.681818,0.000000
-5.009353,0.004577,-0.011055,3.025210,0.000000
-4.994987,-0.012703,-0.012331,5.652661,0.000000
-5.001572,0.001018,-0.005595,3.857398,0.000000
-4.993148,-0.014016,0.007089,16.647059,0.000000
-4.996925,-0.012308,0.003632,4.000000,0.000000
-4.993478,-0.008138,-0.013656,3.121442,0.000000
-4.987677,-0.007684,0.000656,2.729412,0.000000
-5.003667,-0.005372,-0.018195,5.462185,0.000000
-4.977006,-0.008220,0.008963,7.666667,0.000000
-5.014710,-0.000089,0.009995,1.975045,0.000000
-4.991048,-0.003111,0.010135,2.000000,0.000000
-5.006720,-0.004918,0.000945,3.000000,0.000000
-4.991969,0.002066,-0.002258,3.497899,0.000000
-5.001740,0.007038,-0.022139,4.500000,0.000000
-5.011099,-0.011370,-0.000633,6.790196,0.000000
-5.004488,-0.000980,-0.000726,1.142297,0.000000
-5.003903,-0.011835,0.021749,5.666667,0.000000
-5.013411,0.010246,-0.004269,5.558824,0.000000
-4.992314,-0.018402,-0.002375,0.000000,0.000000
-4.997049,-0.009506,0.006055,1.960784,0.000000
-4.987359,-0.004342,0.004754,2.400000,0.000000
-5.003003,-0.024277,-0.008350,7.000000,0.000000
-4.995321,0.010119,0.004978,1.750000,0.000000
-5.015393,0.007119,0.007604,5.000000,0.000000
-5.007365,-0.000002,-0.012705,0.000000,0.000000
-4.993972,0.007767,0.002912,1.729730,0.000000
-5.003605,0.016138,0.011721,0.000000,0.000000
-4.995514,0.004102,-0.009344,8.000000,0.000000
-4.980896,0.012023,0.006193,2.624370,0.000000
-4.997240,0.005673,-0.005085,1.758673,0.000000
-4.986997,0.016292,-0.009896,5.125000,0.000000
-5.007744,0.006373,-0.002105,1.942103,0.000000
-5.018195,0.000149,0.010740,1.558824,0.000000
-5.007695,0.005846,0.010963,1.428571,0.000000
-4.998299,0.004595,-0.011396,11.000000,0.000000
-4.999140,0.006050,-0.016236,12.857143,0.000000
-5.010370,-0.003953,-0.004366,0.000000,0.000000
-5.004781,0.007424,-0.002046,2.000000,0.000000
-4.994712,0.003845,-0.007651,2.954545,0.000000
-4.989092,0.015082,-0.000521,2.463158,0.000000
-5.004115,-0.008896,0.009800,3.163459,0.000000
-4.994274,-0.020918,-0.006794,5.000000,0.000000
-5.001455,0.010045,-0.001891,1.622549,0.000000
-4.989694,0.009998,-0.000430,2.392042,0.000000
-5.005299,-0.001441,-0.008391,1.679679,0.000000
-4.990643,-0.003322,0.021708,10.343714,0.000000
-4.996269,0.002435,-0.015764,12.431373,0.000000
-4.995446,0.002518,0.002662,3.470588,0.000000
-5.003595,0.009042,0.012816,1.617647,0.000000
-5.000754,-0.013209,-0.019397,12.513369,0.000000
-5.018703,-0.007644,0.001230,5.148073,0.000000
-4.977206,0.001934,0.015072,0.000000,0.000000
-5.010539,-0.002195,0.005501,5.428105,0.000000
-5.015389,-0.012350,0.001523,5.483007,0.000000
-5.013635,-0.007140,-0.008329,5.000000,0.000000
-5.004132,0.008822,-0.011484,3.696078,0.000000
-4.989388,-0.006458,-0.003184,0.000000,0.000000
-5.008045,0.001534,0.012074,8.705882,0.000000
-5.006279,-0.023372,0.008779,55.500000,0.000000
-5.010203,0.001423,-0.022170,4.019608,0.000000
-5.001572,-0.006018,0.004673,4.642157,0.000000
-5.009178,0.005338,-0.005674,1.133333,0.000000
-4.993448,0.010753,0.000357,4.368512,0.000000
-4.999287,-0.021907,0.006370,3.386148,0.000000
-4.995166,-0.002566,-0.003641,3.000000,0.000000
-5.005016,-0.003630,-0.000918,1.330031,0.000000
-4.995703,0.010069,-0.006888,2.000000,0.000000
-4.993710,0.002905,0.000331,3.473684,0.000000
-4.997475,0.008738,-0.003318,2.058824,0.000000
-4.998859,-0.001159,-0.002540,2.000000,0.000000
-5.003758,0.001501,-0.005406,1.635294,0.000000
-5.014301,0.010614,0.023116,2.000000,0.000000
-5.017728,0.013678,0.008931,2.686275,0.000000
-5.010470,0.007983,-0.004817,2.000000,0.000000
-5.012500,0.009579,-0.021908,2.609783,0.000000
-4.997288,0.006663,-0.001199,1.937944,0.000000
-4.998292,0.005165,-0.004061,2.800000,0.000000
-5.002020,0.000259,-0.006933,2.000000,0.000000
-4.980780,-0.004189,0.002917,2.045628,0.000000
-5.007677,0.003284,-0.010378,5.500000,0.000000
-4.995335,-0.005560,-0.016356,12.409091,0.000000
-5.004724,-0.005601,-0.000872,5.897059,0.000000
-5.001906,0.008463,-0.014156,12.328431,0.000000
-5.018248,-0.000857,0.008667,2.588235,0.000000
-5.008784,-0.014563,-0.003400,5.774510,0.000000
-4.977150,-0.012853,0.004686,5.967914,0.000000
-4.991584,-0.021423,0.005031,13.000000,0.000000
-5.000356,-0.005069,-0.005699,1.575758,0.000000
-4.989114,-0.007765,0.010285,2.400000,0.000000
-5.001130,0.009960,-0.015373,16.333333,0.000000
-4.998864,-0.002219,0.013186,5.470588,0.000000
-4.996015,0.002608,-0.008550,2.954545,0.000000
-4.992669,-0.002744,-0.005231,2.176471,0.000000
-4.991825,-0.002244,0.003124,3.500000,0.000000
-5.002513,0.008520,-0.001816,1.539216,0.000000
-5.010631,-0.004229,0.001408,5.457516,0.000000
-5.020079,0.000398,0.004991,2.713764,0.000000
-4.991268,0.007019,0.005949,2.416667,0.000000
-4.997463,-0.001732,-0.007560,7.000000,0.000000
-4.997681,0.009273,0.000187,3.000000,0.000000
-5.013235,0.011455,-0.017898,8.000000,0.000000
-4.982878,-0.007695,0.010681,5.189076,0.000000
-4.997716,0.011661,-0.003398,3.366516,0.000000
-5.002519,-0.010271,0.014358,2.243697,0.000000
-5.021021,0.007569,-0.004651,1.848392,0.000000
-5.015691,0.018539,-0.008228,10.750000,0.000000
-4.995592,-0.006890,-0.002731,3.681818,0.000000
-5.013511,-0.002081,0.012521,4.117647,0.000000
-4.993974,-0.013842,-0.002907,5.000000,0.000000
-5.010110,-0.007809,0.000318,3.977376,0.000000
-5.010729,-0.003979,-0.004902,2.588235,0.000000
-5.003741,0.006292,-0.001666,2.084034,0.000000
-5.014932,0.001944,-0.005406,6.781046,0.000000
-5.011193,-0.008263,-0.001647,2.730104,0.000000
-5.010473,0.004677,-0.003622,3.428571,0.000000
-5.017144,-0.005196,-0.011504,5.941176,0.000000
-4.994203,-0.001933,0.002827,1.804452,0.000000
-4.989243,0.007596,-0.000758,2.287582,0.000000
-4.990570,-0.010688,0.016335,4.038462,0.000000
-5.004953,0.001462,-0.010339,1.594118,0.000000
-4.986926,-0.002178,0.006238,1.729730,0.000000
-4.998869,0.019998,-0.008301,3.500000,0.000000
-4.995913,-0.009920,0.011407,4.510901,0.000000
-4.993666,0.007717,-0.010462,3.427336,0.000000
-5.000265,0.011352,-0.000970,3.333333,0.000000
-4.991238,0.022973,0.012972,93.000000,0.000000
-4.993024,0.013963,-0.012599,12.368512,0.000000
-5.000997,0.006949,0.009056,2.492997,0.000000
-4.991382,0.007735,0.009998,4.439628,0.000000
-4.985564,0.000628,0.008300,9.545455,0.000000
-4.991176,0.003769,0.001417,1.500000,0.000000
-4.998405,-0.002259,0.007808,5.705882,0.000000
-4.989525,-0.003197,0.009079,4.069204,0.000000
-5.030527,-0.009987,-0.008233,6.899707,0.000000
-4.993074,0.014597,-0.015050,3.882353,0.000000
-5.004271,0.000700,0.002860,3.392157,0.000000
-4.981711,0.011058,0.012913,6.012605,0.000000
-5.010142,-0.004051,0.015118,6.000000,0.000000
-4.993474,-0.012958,-0.005020,5.666667,0.000000
-4.997081,-0.000874,-0.008430,1.801778,0.000000
-5.003182,-0.007142,-0.009507,3.500000,0.000000
-4.984322,-0.001248,-0.005761,9.288455,0.000000
-5.001638,0.005681,0.006566,1.800000,0.000000
-4.999281,-0.005516,0.003096,3.000000,0.000000
-5.006181,-0.014074,0.008865,5.375000,0.000000
-4.991136,-0.007013,0.005695,1.761199,0.000000
-4.977383,0.010692,-0.005710,5.000000,0.000000
-4.996682,-0.005658,0.008025,1.941176,0.000000
-4.982611,0.014341,-0.002107,38.953782,0.000000
-4.996236,0.015473,-0.000302,4.437908,0.000000
-4.995467,-0.010774,-0.002069,3.852941,0.000000
-5.004112,0.000424,0.021157,29.067227,0.000000
-4.985949,-0.006677,0.007180,3.121442,0.000000
-4.995777,0.011087,0.002288,4.882353,0.000000
-5.010545,-0.003499,0.001132,3.196078,0.000000
-5.007451,-0.002395,0.003035,2.961711,0.000000
-5.021418,-0.017908,0.000271,3.517241,0.000000
-4.991985,0.014494,0.001895,5.480969,0.000000
-5.004991,-0.002044,0.015532,4.411765,0.000000
-4.990977,0.004856,0.011514,4.000000,0.000000
-4.994289,0.006847,-0.011467,2.056150,0.000000
-5.007451,-0.005312,0.002553,4.000000,0.000000
-4.999038,-0.005267,0.001583,4.916667,0.000000
-5.019057,0.004652,-0.000712,6.970588,0.000000
-5.005289,-0.005414,0.001847,5.000000,0.000000
-5.004349,-0.016589,-0.005703,7.500000,0.000000
-4.991238,-0.005217,0.002581,2.400000,0.000000
-5.009003,-0.005812,0.014561,8.705882,0.000000
-4.998035,0.006396,0.009241,8.647059,0.000000
-4.998185,0.001000,-0.000629,3.235294,0.000000
-5.006258,-0.007618,-0.006407,2.600000,0.000000
-4.986475,0.001247,-0.007944,11.867523,0.000000
-5.001937,-0.000751,-0.008085,2.333333,0.000000
-5.005107,-0.014954,-0.002871,5.428571,0.000000
-5.004883,0.003479,0.014592,5.078431,0.000000
-4.975325,0.008680,0.009196,8.000000,0.000000
-4.989189,0.011619,0.018195,1.216216,0.000000
-5.006945,0.007030,0.008515,1.260504,0.000000
-4.993478,-0.006815,-0.006483,3.598459,0.000000
-5.002185,-0.005888,-0.001256,2.960784,0.000000
-4.993068,0.018086,-0.005990,14.544118,0.000000
-4.996196,0.019258,0.004582,42.500000,0.000000
-5.009239,0.005032,0.002061,1.000000,0.000000
-4.993509,-0.008087,0.004358,0.000000,0.000000
-4.988830,0.003002,0.020623,2.000000,0.000000
-5.000681,-0.009438,0.000354,2.088235,0.000000
-5.015608,-0.008729,0.003488,3.151868,0.000000
-4.997316,0.013700,0.014999,4.706914,0.000000
-5.022827,-0.001828,-0.000783,7.491130,0.000000
-4.990556,0.003704,-0.014800,5.176471,0.000000
-5.000468,-0.008548,0.006197,3.910131,0.000000
-5.000823,-0.000709,0.013347,8.680927,0.000000
-5.012265,-0.000224,0.006379,5.000000,0.000000
-5.010201,0.006842,0.015202,11.000000,0.000000
-5.002212,0.006055,-0.009115,2.000000,0.000000
-5.008501,0.004387,-0.004708,1.619251,0.000000
-5.016963,0.011766,-0.006518,4.250000,0.000000
-5.010004,-0.003924,-0.007206,2.528678,0.000000
-4.995384,-0.010303,-0.009719,10.000000,0.000000
-5.004266,-0.004973,-0.010107,2.539750,0.000000
-4.980894,0.004021,-0.002104,2.666667,0.000000
-5.004852,0.013010,-0.007622,2.239496,0.000000
-4.995094,-0.009767,-0.018891,0.000000,0.000000
-4.995871,-0.005933,0.006681,4.000000,0.000000
-4.983652,-0.001945,-0.020336,0.000000,0.000000
-5.005902,-0.007281,-0.002088,3.433333,0.000000
-5.006647,-0.008131,0.001268,2.865546,0.000000
-4.998431,-0.001396,-0.020329,4.000000,0.000000
-4.994544,-0.007659,0.008354,1.953498,0.000000
-5.001972,0.004554,0.000491,1.058824,0.000000
-5.010272,-0.001391,0.001438,1.388854,0.000000
-5.017338,-0.007166,0.002183,5.611111,0.000000
-5.003185,0.001262,0.005458,4.000000,0.000000
-5.001135,0.006570,-0.004386,4.500000,0.000000
-5.007533,-0.009637,0.011442,3.307717,0.000000
-5.005991,-0.004174,-0.002589,1.396078,0.000000
-5.003717,0.014312,0.005895,3.444444,0.000000
-4.988864,0.025606,-0.006981,25.745098,0.000000
-5.004570,0.016480,0.009256,15.000000,0.000000
-4.998107,0.003711,-0.002002,3.308824,0.000000
-5.022376,-0.008154,0.017416,5.250000,0.000000
-4.998272,0.038543,-0.003251,14.275542,0.000000
-5.009396,-0.003494,-0.008586,1.206897,0.000000
-5.009677,-0.010960,0.015673,3.000000,0.000000
-4.996124,-0.006490,-0.013170,9.000000,0.000000
-5.011462,0.009365,-0.015732,16.333333,0.000000
-4.986277,0.014310,0.004602,10.500000,0.000000
-5.022251,0.000942,0.000928,7.491130,0.000000
-4.997978,-0.002659,0.012110,3.230769,0.000000
-5.012403,-0.013191,-0.013075,0.000000,0.000000
-5.008695,0.010863,0.004853,3.750000,0.000000
-4.981627,0.005845,-0.010063,4.073529,0.000000
-4.991228,0.002426,0.005510,0.000000,0.000000
-5.008529,0.017266,-0.001959,20.176471,0.000000
-4.993299,-0.009274,-0.007491,3.496078,0.000000
-5.005720,0.009352,-0.008246,1.583333,0.000000
-4.996027,-0.005955,0.008081,3.641711,0.000000
-5.004636,-0.004802,-0.007633,4.409091,0.000000
-5.005367,-0.000900,0.003651,3.083333,0.000000
-5.003479,-0.015287,0.014746,4.590909,0.000000
-4.989768,0.015283,0.010506,1.662321,0.000000
-4.992507,-0.004320,-0.007678,4.000000,0.000000
-5.003769,0.002870,-0.002609,1.133333,0.000000
-4.988257,0.000521,-0.012538,5.027311,0.000000
-4.997313,-0.008526,0.012346,3.517241,0.000000
-5.000607,0.005702,-0.003736,1.500000,0.000000
-5.008732,0.006052,0.004172,4.058824,0.000000
-5.006627,0.001350,-0.009653,3.000000,0.000000
-5.003804,-0.003469,-0.012728,0.000000,0.000000
-4.983302,-0.004486,-0.018431,5.294118,0.000000
-5.000530,0.008488,0.016539,2.166667,0.000000
-4.981752,0.005666,0.009271,21.500000,0.000000
-5.001458,-0.014766,0.014949,3.008403,0.000000
-5.009816,0.001318,0.012366,0.000000,0.000000
-4.990172,-0.007832,0.004515,3.146932,0.000000
-4.995243,0.002866,-0.005391,3.470588,0.000000
-4.998170,0.020744,-0.003172,19.452012,0.000000
-5.001146,0.026345,0.003018,8.705882,0.000000
-4.999046,-0.003947,-0.011409,3.666667,0.000000
-5.006622,-0.003518,-0.023858,56.872549,0.000000
-5.015269,0.025540,-0.001343,25.745098,0.000000
-4.992029,-0.020689,-0.012943,0.000000,0.000000
-5.011905,0.014453,0.006317,4.352941,0.000000
-5.010644,0.006868,0.009253,5.692810,0.000000
-4.982386,-0.017892,0.000583,8.039216,0.000000
-4.993434,0.018868,0.004190,19.794118,0.000000
-4.998672,0.002803,0.010607,1.890196,0.000000
-4.995247,-0.030868,-0.000313,128.000000,1.000000
-5.001887,0.000413,0.007726,4.924370,0.000000
-4.991467,0.006161,-0.005855,2.086275,0.000000
-4.998171,-0.001365,0.006096,5.764706,0.000000
-4.993357,0.000232,0.010189,3.000000,0.000000
-5.003846,-0.003102,-0.003443,2.132353,0.000000
-5.010144,0.014370,0.012369,2.510836,0.000000
0.012741,0.000989,-0.014505,66.794118,0.000000
0.020939,0.016761,-0.006913,142.000000,1.000000
0.002451,0.002439,-0.008143,117.529412,0.000000
0.005465,0.009223,0.006095,135.000000,1.000000
-0.004266,0.004092,0.003502,127.882353,1.000000
0.002063,0.017416,0.003115,66.794118,0.000000
-0.005976,0.016989,0.003095,128.000000,1.000000
-0.000615,-0.005879,-0.003211,120.352941,0.000000
-0.009763,-0.008488,0.028435,131.000000,1.000000
-0.014877,0.013083,0.001442,30.000000,0.000000
